{"type":"FeatureCollection","year":1985,"bbox":[120.45,14.65,120.95,14.9],"source":{"name":"Global Mangrove Watch","version":"v4.1.12","provenance_url":"https://doi.org/10.5281/zenodo.21346457"},"features":[{"type":"Feature","properties":{},"geometry":{"type":"Polygon","coordinates":[[[120.62517,14.8941],[120.62517,14.89383],[120.62544,14.89383],[120.62544,14.8941],[120.62517,14.8941]]]}},{"type":"Feature","properties":{},"geometry":{"type":"Polygon","coordinates":[[[120.57613,14.89302],[120.57613,14.89275],[120.57666,14.89275],[120.57666,14.89248],[120.5772,14.89248],[120.5772,14.89302],[120.57613,14.89302]]]}},{"type":"Feature","properties":{},"geometry":{"type":"Polygon","coordinates":[[[120.62463,14.89302],[120.62463,14.89275],[120.62436,14.89275],[120.62436,14.89221],[120.6249,14.89221],[120.6249,14.89302],[120.62463,14.89302]]]}},{"type":"Feature","properties":{},"geometry":{"type":"Polygon","coordinates":[[[120.5605,14.89248],[120.5605,14.89194],[120.56103,14.89194],[120.56103,14.89221],[120.56077,14.89221],[120.56077,14.89248],[120.5605,14.89248]]]}},{"type":"Feature","properties":{},"geometry":{"type":"Polygon","coordinates":[[[120.57586,14.89275],[120.57586,14.89221],[120.57613,14.89221],[120.57613,14.89167],[120.57639,14.89167],[120.57639,14.89194],[120.57666,14.89194],[120.57666,14.89221],[120.57639,14.89221],[120.57639,14.89248],[120.57613,14.89248],[120.57613,14.89275],[120.57586,14.89275]]]}},{"type":"Feature","properties":{},"geometry":{"type":"Polygon","coordinates":[[[120.56103,14.89302],[120.56103,14.89275],[120.56077,14.89275],[120.56077,14.89248],[120.56103,14.89248],[120.56103,14.89221],[120.5613,14.89221],[120.5613,14.89194],[120.56103,14.89194],[120.56103,14.89167],[120.5605,14.89167],[120.5605,14.89113],[120.5613,14.89113],[120.5613,14.8914],[120.56238,14.8914],[120.56238,14.89167],[120.56265,14.89167],[120.56265,14.89194],[120.56238,14.89194],[120.56238,14.89248],[120.56211,14.89248],[120.56211,14.89275],[120.56157,14.89275],[120.56157,14.89302],[120.56103,14.89302]],[[120.56184,14.89221],[120.56211,14.89221],[120.56211,14.89194],[120.56184,14.89194],[120.56184,14.89221]]]}},{"type":"Feature","properties":{},"geometry":{"type":"Polygon","coordinates":[[[120.58717,14.89167],[120.58717,14.89113],[120.58744,14.89113],[120.58744,14.89086],[120.58771,14.89086],[120.58771,14.8906],[120.58825,14.8906],[120.58825,14.8914],[120.58798,14.8914],[120.58798,14.89167],[120.58717,14.89167]]]}},{"type":"Feature","properties":{},"geometry":{"type":"Polygon","coordinates":[[[120.62409,14.89221],[120.62409,14.89167],[120.62382,14.89167],[120.62382,14.8906],[120.62409,14.8906],[120.62409,14.89086],[120.62436,14.89086],[120.62436,14.89221],[120.62409,14.89221]]]}},{"type":"Feature","properties":{},"geometry":{"type":"Polygon","coordinates":[[[120.5931,14.89437],[120.5931,14.89356],[120.59283,14.89356],[120.59283,14.89329],[120.59256,14.89329],[120.59256,14.89275],[120.59202,14.89275],[120.59202,14.89221],[120.59148,14.89221],[120.59148,14.89194],[120.59122,14.89194],[120.59122,14.89167],[120.59041,14.89167],[120.59041,14.8914],[120.58987,14.8914],[120.58987,14.89113],[120.59041,14.89113],[120.59041,14.89086],[120.59095,14.89086],[120.59095,14.8906],[120.59175,14.8906],[120.59175,14.89086],[120.59202,14.89086],[120.59202,14.8914],[120.59283,14.8914],[120.59283,14.89167],[120.5931,14.89167],[120.5931,14.89194],[120.59364,14.89194],[120.59364,14.89167],[120.59391,14.89167],[120.59391,14.89221],[120.59337,14.89221],[120.59337,14.89302],[120.59364,14.89302],[120.59364,14.89329],[120.59418,14.89329],[120.59418,14.89356],[120.59391,14.89356],[120.59391,14.89383],[120.59445,14.89383],[120.59445,14.8941],[120.59337,14.8941],[120.59337,14.89437],[120.5931,14.89437]],[[120.59283,14.89221],[120.5931,14.89221],[120.5931,14.89194],[120.59283,14.89194],[120.59283,14.89221]]]}},{"type":"Feature","properties":{},"geometry":{"type":"Polygon","coordinates":[[[120.63622,14.89086],[120.63622,14.89033],[120.63649,14.89033],[120.63649,14.8906],[120.63676,14.8906],[120.63676,14.89086],[120.63622,14.89086]]]}},{"type":"Feature","properties":{},"geometry":{"type":"Polygon","coordinates":[[[120.60604,14.88979],[120.60604,14.88925],[120.60631,14.88925],[120.60631,14.88979],[120.60604,14.88979]]]}},{"type":"Feature","properties":{},"geometry":{"type":"Polygon","coordinates":[[[120.63514,14.88898],[120.63514,14.88871],[120.63541,14.88871],[120.63541,14.88844],[120.63568,14.88844],[120.63568,14.88898],[120.63514,14.88898]]]}},{"type":"Feature","properties":{},"geometry":{"type":"Polygon","coordinates":[[[120.63433,14.88655],[120.63433,14.88628],[120.63379,14.88628],[120.63379,14.88575],[120.63406,14.88575],[120.63406,14.88601],[120.63433,14.88601],[120.63433,14.88575],[120.63487,14.88575],[120.63487,14.88655],[120.63433,14.88655]]]}},{"type":"Feature","properties":{},"geometry":{"type":"Polygon","coordinates":[[[120.63191,14.88332],[120.63191,14.88305],[120.63298,14.88305],[120.63298,14.88332],[120.63191,14.88332]]]}},{"type":"Feature","properties":{},"geometry":{"type":"Polygon","coordinates":[[[120.55915,14.88305],[120.55915,14.88278],[120.55888,14.88278],[120.55888,14.88251],[120.55942,14.88251],[120.55942,14.88305],[120.55915,14.88305]]]}},{"type":"Feature","properties":{},"geometry":{"type":"Polygon","coordinates":[[[120.59283,14.88548],[120.59283,14.88359],[120.5931,14.88359],[120.5931,14.88278],[120.59337,14.88278],[120.59337,14.88224],[120.59364,14.88224],[120.59364,14.88251],[120.59391,14.88251],[120.59391,14.88278],[120.59364,14.88278],[120.59364,14.88305],[120.59391,14.88305],[120.59391,14.88332],[120.59364,14.88332],[120.59364,14.88359],[120.59391,14.88359],[120.59391,14.8844],[120.59364,14.8844],[120.59364,14.88467],[120.59337,14.88467],[120.59337,14.88521],[120.5931,14.88521],[120.5931,14.88548],[120.59283,14.88548]],[[120.59337,14.8844],[120.59364,14.8844],[120.59364,14.88413],[120.59337,14.88413],[120.59337,14.8844]]]}},{"type":"Feature","properties":{},"geometry":{"type":"Polygon","coordinates":[[[120.59364,14.88224],[120.59364,14.88197],[120.59391,14.88197],[120.59391,14.88224],[120.59364,14.88224]]]}},{"type":"Feature","properties":{},"geometry":{"type":"Polygon","coordinates":[[[120.5834,14.88305],[120.5834,14.88224],[120.58313,14.88224],[120.58313,14.8817],[120.58367,14.8817],[120.58367,14.88197],[120.58394,14.88197],[120.58394,14.88224],[120.58421,14.88224],[120.58421,14.88251],[120.58448,14.88251],[120.58448,14.88278],[120.58421,14.88278],[120.58421,14.88305],[120.5834,14.88305]]]}},{"type":"Feature","properties":{},"geometry":{"type":"Polygon","coordinates":[[[120.58502,14.88251],[120.58502,14.88224],[120.58475,14.88224],[120.58475,14.88197],[120.58448,14.88197],[120.58448,14.8817],[120.58421,14.8817],[120.58421,14.88089],[120.58448,14.88089],[120.58448,14.88143],[120.58475,14.88143],[120.58475,14.88089],[120.58502,14.88089],[120.58502,14.88063],[120.58583,14.88063],[120.58583,14.88224],[120.58556,14.88224],[120.58556,14.88251],[120.58502,14.88251]]]}},{"type":"Feature","properties":{},"geometry":{"type":"Polygon","coordinates":[[[120.59418,14.88116],[120.59418,14.88089],[120.59445,14.88089],[120.59445,14.88036],[120.59472,14.88036],[120.59472,14.88116],[120.59418,14.88116]]]}},{"type":"Feature","properties":{},"geometry":{"type":"Polygon","coordinates":[[[120.5799,14.88089],[120.5799,14.88036],[120.58017,14.88036],[120.58017,14.88089],[120.5799,14.88089]]]}},{"type":"Feature","properties":{},"geometry":{"type":"Polygon","coordinates":[[[120.58798,14.87928],[120.58798,14.87847],[120.58852,14.87847],[120.58852,14.8782],[120.58933,14.8782],[120.58933,14.87874],[120.58879,14.87874],[120.58879,14.87901],[120.58852,14.87901],[120.58852,14.87928],[120.58798,14.87928]]]}},{"type":"Feature","properties":{},"geometry":{"type":"Polygon","coordinates":[[[120.59229,14.87793],[120.59229,14.87766],[120.59256,14.87766],[120.59256,14.87793],[120.59229,14.87793]]]}},{"type":"Feature","properties":{},"geometry":{"type":"Polygon","coordinates":[[[120.59256,14.87766],[120.59256,14.87739],[120.59283,14.87739],[120.59283,14.87766],[120.59256,14.87766]]]}},{"type":"Feature","properties":{},"geometry":{"type":"Polygon","coordinates":[[[120.57101,14.87658],[120.57101,14.87604],[120.57154,14.87604],[120.57154,14.87658],[120.57101,14.87658]]]}},{"type":"Feature","properties":{},"geometry":{"type":"Polygon","coordinates":[[[120.57127,14.87551],[120.57127,14.87524],[120.57154,14.87524],[120.57154,14.87551],[120.57127,14.87551]]]}},{"type":"Feature","properties":{},"geometry":{"type":"Polygon","coordinates":[[[120.57154,14.87524],[120.57154,14.87497],[120.57181,14.87497],[120.57181,14.87524],[120.57154,14.87524]]]}},{"type":"Feature","properties":{},"geometry":{"type":"Polygon","coordinates":[[[120.61439,14.87577],[120.61439,14.87551],[120.61385,14.87551],[120.61385,14.87524],[120.61439,14.87524],[120.61439,14.87497],[120.6152,14.87497],[120.6152,14.8747],[120.61601,14.8747],[120.61601,14.87524],[120.61574,14.87524],[120.61574,14.87551],[120.6152,14.87551],[120.6152,14.87577],[120.61439,14.87577]]]}},{"type":"Feature","properties":{},"geometry":{"type":"Polygon","coordinates":[[[120.59364,14.87443],[120.59364,14.87389],[120.59337,14.87389],[120.59337,14.87335],[120.59364,14.87335],[120.59364,14.87362],[120.59391,14.87362],[120.59391,14.87389],[120.59418,14.87389],[120.59418,14.87443],[120.59364,14.87443]]]}},{"type":"Feature","properties":{},"geometry":{"type":"Polygon","coordinates":[[[120.59283,14.87362],[120.59283,14.87308],[120.59337,14.87308],[120.59337,14.87335],[120.5931,14.87335],[120.5931,14.87362],[120.59283,14.87362]]]}},{"type":"Feature","properties":{},"geometry":{"type":"Polygon","coordinates":[[[120.5931,14.87119],[120.5931,14.87065],[120.59364,14.87065],[120.59364,14.87119],[120.5931,14.87119]]]}},{"type":"Feature","properties":{},"geometry":{"type":"Polygon","coordinates":[[[120.5772,14.86931],[120.5772,14.86904],[120.57747,14.86904],[120.57747,14.86931],[120.5772,14.86931]]]}},{"type":"Feature","properties":{},"geometry":{"type":"Polygon","coordinates":[[[120.57693,14.86904],[120.57693,14.8685],[120.57666,14.8685],[120.57666,14.86877],[120.57613,14.86877],[120.57613,14.8685],[120.57586,14.8685],[120.57586,14.86823],[120.5772,14.86823],[120.5772,14.8685],[120.57747,14.8685],[120.57747,14.86877],[120.5772,14.86877],[120.5772,14.86904],[120.57693,14.86904]]]}},{"type":"Feature","properties":{},"geometry":{"type":"Polygon","coordinates":[[[120.57047,14.86769],[120.57047,14.86742],[120.57074,14.86742],[120.57074,14.86715],[120.57101,14.86715],[120.57101,14.86769],[120.57047,14.86769]]]}},{"type":"Feature","properties":{},"geometry":{"type":"Polygon","coordinates":[[[120.58098,14.86688],[120.58098,14.86661],[120.58124,14.86661],[120.58124,14.86688],[120.58098,14.86688]]]}},{"type":"Feature","properties":{},"geometry":{"type":"Polygon","coordinates":[[[120.57559,14.86769],[120.57559,14.86688],[120.57586,14.86688],[120.57586,14.86634],[120.57613,14.86634],[120.57613,14.86769],[120.57559,14.86769]]]}},{"type":"Feature","properties":{},"geometry":{"type":"Polygon","coordinates":[[[120.57774,14.8685],[120.57774,14.86823],[120.57747,14.86823],[120.57747,14.86796],[120.57666,14.86796],[120.57666,14.86769],[120.57639,14.86769],[120.57639,14.86634],[120.5772,14.86634],[120.5772,14.86661],[120.57828,14.86661],[120.57828,14.86634],[120.57909,14.86634],[120.57909,14.86661],[120.57936,14.86661],[120.57936,14.86688],[120.57963,14.86688],[120.57963,14.86661],[120.58017,14.86661],[120.58017,14.86688],[120.5799,14.86688],[120.5799,14.86715],[120.57963,14.86715],[120.57963,14.86769],[120.57909,14.86769],[120.57909,14.86796],[120.57855,14.86796],[120.57855,14.86823],[120.57801,14.86823],[120.57801,14.8685],[120.57774,14.8685]],[[120.57882,14.86769],[120.57909,14.86769],[120.57909,14.86742],[120.57882,14.86742],[120.57882,14.86769]],[[120.57855,14.86742],[120.57882,14.86742],[120.57882,14.86715],[120.57855,14.86715],[120.57855,14.86742]],[[120.57801,14.86715],[120.57855,14.86715],[120.57855,14.86688],[120.57801,14.86688],[120.57801,14.86715]]]}},{"type":"Feature","properties":{},"geometry":{"type":"Polygon","coordinates":[[[120.58717,14.86823],[120.58717,14.86796],[120.58744,14.86796],[120.58744,14.86742],[120.58475,14.86742],[120.58475,14.86715],[120.58448,14.86715],[120.58448,14.86607],[120.58529,14.86607],[120.58529,14.86634],[120.5861,14.86634],[120.5861,14.86661],[120.58636,14.86661],[120.58636,14.86688],[120.58663,14.86688],[120.58663,14.86715],[120.58798,14.86715],[120.58798,14.86688],[120.58852,14.86688],[120.58852,14.86796],[120.58825,14.86796],[120.58825,14.86823],[120.58717,14.86823]],[[120.58583,14.86715],[120.5861,14.86715],[120.5861,14.86688],[120.58583,14.86688],[120.58583,14.86715]]]}},{"type":"Feature","properties":{},"geometry":{"type":"Polygon","coordinates":[[[120.63379,14.86634],[120.63379,14.86607],[120.63406,14.86607],[120.63406,14.86634],[120.63379,14.86634]]]}},{"type":"Feature","properties":{},"geometry":{"type":"Polygon","coordinates":[[[120.53759,14.86607],[120.53759,14.8658],[120.53786,14.8658],[120.53786,14.86607],[120.53759,14.86607]]]}},{"type":"Feature","properties":{},"geometry":{"type":"Polygon","coordinates":[[[120.57666,14.86607],[120.57666,14.8658],[120.5772,14.8658],[120.5772,14.86607],[120.57666,14.86607]]]}},{"type":"Feature","properties":{},"geometry":{"type":"Polygon","coordinates":[[[120.63352,14.86607],[120.63352,14.8658],[120.63379,14.8658],[120.63379,14.86607],[120.63352,14.86607]]]}},{"type":"Feature","properties":{},"geometry":{"type":"Polygon","coordinates":[[[120.53786,14.8658],[120.53786,14.86553],[120.5384,14.86553],[120.5384,14.8658],[120.53786,14.8658]]]}},{"type":"Feature","properties":{},"geometry":{"type":"Polygon","coordinates":[[[120.63325,14.8658],[120.63325,14.86553],[120.63352,14.86553],[120.63352,14.8658],[120.63325,14.8658]]]}},{"type":"Feature","properties":{},"geometry":{"type":"Polygon","coordinates":[[[120.59687,14.86607],[120.59687,14.86527],[120.59822,14.86527],[120.59822,14.86553],[120.59795,14.86553],[120.59795,14.8658],[120.59768,14.8658],[120.59768,14.86607],[120.59687,14.86607]],[[120.59714,14.8658],[120.59768,14.8658],[120.59768,14.86553],[120.59714,14.86553],[120.59714,14.8658]]]}},{"type":"Feature","properties":{},"geometry":{"type":"Polygon","coordinates":[[[120.63298,14.86553],[120.63298,14.865],[120.63325,14.865],[120.63325,14.86553],[120.63298,14.86553]]]}},{"type":"Feature","properties":{},"geometry":{"type":"Polygon","coordinates":[[[120.61897,14.8658],[120.61897,14.86446],[120.61924,14.86446],[120.61924,14.8658],[120.61897,14.8658]]]}},{"type":"Feature","properties":{},"geometry":{"type":"Polygon","coordinates":[[[120.63271,14.865],[120.63271,14.86473],[120.63244,14.86473],[120.63244,14.86446],[120.63298,14.86446],[120.63298,14.865],[120.63271,14.865]]]}},{"type":"Feature","properties":{},"geometry":{"type":"Polygon","coordinates":[[[120.58205,14.86527],[120.58205,14.865],[120.58124,14.865],[120.58124,14.86473],[120.58151,14.86473],[120.58151,14.86392],[120.58124,14.86392],[120.58124,14.86365],[120.58205,14.86365],[120.58205,14.86392],[120.58259,14.86392],[120.58259,14.86365],[120.58313,14.86365],[120.58313,14.86419],[120.58367,14.86419],[120.58367,14.86446],[120.5834,14.86446],[120.5834,14.86473],[120.58394,14.86473],[120.58394,14.86527],[120.5834,14.86527],[120.5834,14.865],[120.58313,14.865],[120.58313,14.86527],[120.58205,14.86527]]]}},{"type":"Feature","properties":{},"geometry":{"type":"Polygon","coordinates":[[[120.58556,14.86392],[120.58556,14.86365],[120.58583,14.86365],[120.58583,14.86392],[120.58556,14.86392]]]}},{"type":"Feature","properties":{},"geometry":{"type":"Polygon","coordinates":[[[120.6187,14.86419],[120.6187,14.86338],[120.61897,14.86338],[120.61897,14.86419],[120.6187,14.86419]]]}},{"type":"Feature","properties":{},"geometry":{"type":"Polygon","coordinates":[[[120.58313,14.86365],[120.58313,14.86284],[120.5834,14.86284],[120.5834,14.86338],[120.58367,14.86338],[120.58367,14.86365],[120.58313,14.86365]]]}},{"type":"Feature","properties":{},"geometry":{"type":"Polygon","coordinates":[[[120.61843,14.86338],[120.61843,14.86311],[120.61816,14.86311],[120.61816,14.86284],[120.6187,14.86284],[120.6187,14.86338],[120.61843,14.86338]]]}},{"type":"Feature","properties":{},"geometry":{"type":"Polygon","coordinates":[[[120.58448,14.86392],[120.58448,14.86365],[120.58394,14.86365],[120.58394,14.86338],[120.58367,14.86338],[120.58367,14.86284],[120.58421,14.86284],[120.58421,14.86203],[120.58475,14.86203],[120.58475,14.8623],[120.58502,14.8623],[120.58502,14.86365],[120.58475,14.86365],[120.58475,14.86392],[120.58448,14.86392]]]}},{"type":"Feature","properties":{},"geometry":{"type":"Polygon","coordinates":[[[120.60415,14.86284],[120.60415,14.86257],[120.60388,14.86257],[120.60388,14.8623],[120.60361,14.8623],[120.60361,14.86203],[120.60334,14.86203],[120.60334,14.86176],[120.60388,14.86176],[120.60388,14.86203],[120.60415,14.86203],[120.60415,14.8623],[120.60442,14.8623],[120.60442,14.86284],[120.60415,14.86284]]]}},{"type":"Feature","properties":{},"geometry":{"type":"Polygon","coordinates":[[[120.58259,14.86311],[120.58259,14.86284],[120.58232,14.86284],[120.58232,14.86257],[120.58178,14.86257],[120.58178,14.86284],[120.58124,14.86284],[120.58124,14.86257],[120.58151,14.86257],[120.58151,14.8623],[120.58178,14.8623],[120.58178,14.86203],[120.58205,14.86203],[120.58205,14.86149],[120.58178,14.86149],[120.58178,14.86176],[120.58151,14.86176],[120.58151,14.86095],[120.58178,14.86095],[120.58178,14.86068],[120.58286,14.86068],[120.58286,14.86095],[120.58313,14.86095],[120.58313,14.86122],[120.5834,14.86122],[120.5834,14.86203],[120.58232,14.86203],[120.58232,14.8623],[120.58259,14.8623],[120.58259,14.86257],[120.58313,14.86257],[120.58313,14.86284],[120.58286,14.86284],[120.58286,14.86311],[120.58259,14.86311]]]}},{"type":"Feature","properties":{},"geometry":{"type":"Polygon","coordinates":[[[120.62059,14.86122],[120.62059,14.86015],[120.62086,14.86015],[120.62086,14.86122],[120.62059,14.86122]]]}},{"type":"Feature","properties":{},"geometry":{"type":"Polygon","coordinates":[[[120.60307,14.86015],[120.60307,14.85907],[120.60334,14.85907],[120.60334,14.86015],[120.60307,14.86015]]]}},{"type":"Feature","properties":{},"geometry":{"type":"Polygon","coordinates":[[[120.57882,14.85853],[120.57882,14.85826],[120.57828,14.85826],[120.57828,14.85799],[120.57774,14.85799],[120.57774,14.85772],[120.57801,14.85772],[120.57801,14.85718],[120.57909,14.85718],[120.57909,14.85745],[120.57936,14.85745],[120.57936,14.85853],[120.57882,14.85853]]]}},{"type":"Feature","properties":{},"geometry":{"type":"Polygon","coordinates":[[[120.57909,14.85691],[120.57909,14.85664],[120.57936,14.85664],[120.57936,14.85637],[120.5799,14.85637],[120.5799,14.85664],[120.57963,14.85664],[120.57963,14.85691],[120.57909,14.85691]]]}},{"type":"Feature","properties":{},"geometry":{"type":"Polygon","coordinates":[[[120.62086,14.85691],[120.62086,14.8561],[120.62113,14.8561],[120.62113,14.85691],[120.62086,14.85691]]]}},{"type":"Feature","properties":{},"geometry":{"type":"Polygon","coordinates":[[[120.58367,14.86068],[120.58367,14.86015],[120.58313,14.86015],[120.58313,14.85988],[120.58286,14.85988],[120.58286,14.85961],[120.58259,14.85961],[120.58259,14.86015],[120.58205,14.86015],[120.58205,14.85988],[120.58124,14.85988],[120.58124,14.85961],[120.58098,14.85961],[120.58098,14.85934],[120.58071,14.85934],[120.58071,14.85907],[120.58017,14.85907],[120.58017,14.85961],[120.57963,14.85961],[120.57963,14.85826],[120.5799,14.85826],[120.5799,14.85772],[120.58044,14.85772],[120.58044,14.85745],[120.58071,14.85745],[120.58071,14.85718],[120.58098,14.85718],[120.58098,14.85691],[120.58124,14.85691],[120.58124,14.85718],[120.58151,14.85718],[120.58151,14.85745],[120.58124,14.85745],[120.58124,14.85799],[120.58232,14.85799],[120.58232,14.85772],[120.58259,14.85772],[120.58259,14.85745],[120.58232,14.85745],[120.58232,14.85691],[120.58259,14.85691],[120.58259,14.85637],[120.58286,14.85637],[120.58286,14.8561],[120.58313,14.8561],[120.58313,14.85583],[120.5834,14.85583],[120.5834,14.85664],[120.58313,14.85664],[120.58313,14.85853],[120.58286,14.85853],[120.58286,14.8588],[120.58421,14.8588],[120.58421,14.85853],[120.58448,14.85853],[120.58448,14.8588],[120.58475,14.8588],[120.58475,14.85934],[120.58502,14.85934],[120.58502,14.85961],[120.58529,14.85961],[120.58529,14.85988],[120.58502,14.85988],[120.58502,14.86041],[120.58448,14.86041],[120.58448,14.86068],[120.58367,14.86068]],[[120.58151,14.85934],[120.58205,14.85934],[120.58205,14.8588],[120.58151,14.8588],[120.58151,14.85934]]]}},{"type":"Feature","properties":{},"geometry":{"type":"Polygon","coordinates":[[[120.5772,14.85556],[120.5772,14.8553],[120.57747,14.8553],[120.57747,14.85556],[120.5772,14.85556]]]}},{"type":"Feature","properties":{},"geometry":{"type":"Polygon","coordinates":[[[120.5772,14.85503],[120.5772,14.85476],[120.57747,14.85476],[120.57747,14.85503],[120.5772,14.85503]]]}},{"type":"Feature","properties":{},"geometry":{"type":"Polygon","coordinates":[[[120.5578,14.85476],[120.5578,14.85422],[120.55834,14.85422],[120.55834,14.85476],[120.5578,14.85476]]]}},{"type":"Feature","properties":{},"geometry":{"type":"Polygon","coordinates":[[[120.60172,14.85449],[120.60172,14.85422],[120.60146,14.85422],[120.60146,14.85395],[120.60199,14.85395],[120.60199,14.85449],[120.60172,14.85449]]]}},{"type":"Feature","properties":{},"geometry":{"type":"Polygon","coordinates":[[[120.57801,14.85583],[120.57801,14.8553],[120.57774,14.8553],[120.57774,14.85422],[120.57747,14.85422],[120.57747,14.8526],[120.57774,14.8526],[120.57774,14.85287],[120.57801,14.85287],[120.57801,14.85368],[120.57828,14.85368],[120.57828,14.85422],[120.57801,14.85422],[120.57801,14.85449],[120.57855,14.85449],[120.57855,14.85503],[120.57828,14.85503],[120.57828,14.8553],[120.57855,14.8553],[120.57855,14.85583],[120.57801,14.85583]]]}},{"type":"Feature","properties":{},"geometry":{"type":"Polygon","coordinates":[[[120.58367,14.85206],[120.58367,14.85179],[120.58394,14.85179],[120.58394,14.85206],[120.58367,14.85206]]]}},{"type":"Feature","properties":{},"geometry":{"type":"Polygon","coordinates":[[[120.55106,14.85098],[120.55106,14.85071],[120.55053,14.85071],[120.55053,14.85044],[120.5516,14.85044],[120.5516,14.85098],[120.55106,14.85098]]]}},{"type":"Feature","properties":{},"geometry":{"type":"Polygon","coordinates":[[[120.58286,14.85098],[120.58286,14.85071],[120.58259,14.85071],[120.58259,14.85044],[120.58313,14.85044],[120.58313,14.85098],[120.58286,14.85098]]]}},{"type":"Feature","properties":{},"geometry":{"type":"Polygon","coordinates":[[[120.5419,14.85018],[120.5419,14.84991],[120.54217,14.84991],[120.54217,14.85018],[120.5419,14.85018]]]}},{"type":"Feature","properties":{},"geometry":{"type":"Polygon","coordinates":[[[120.54352,14.85071],[120.54352,14.85018],[120.54379,14.85018],[120.54379,14.84991],[120.54433,14.84991],[120.54433,14.84964],[120.54487,14.84964],[120.54487,14.84937],[120.54514,14.84937],[120.54514,14.84991],[120.5446,14.84991],[120.5446,14.85018],[120.54433,14.85018],[120.54433,14.85044],[120.54379,14.85044],[120.54379,14.85071],[120.54352,14.85071]]]}},{"type":"Feature","properties":{},"geometry":{"type":"Polygon","coordinates":[[[120.54271,14.84964],[120.54271,14.84937],[120.54325,14.84937],[120.54325,14.84964],[120.54271,14.84964]]]}},{"type":"Feature","properties":{},"geometry":{"type":"Polygon","coordinates":[[[120.56373,14.85071],[120.56373,14.84964],[120.564,14.84964],[120.564,14.8491],[120.56427,14.8491],[120.56427,14.84802],[120.56481,14.84802],[120.56481,14.84883],[120.56454,14.84883],[120.56454,14.84937],[120.56427,14.84937],[120.56427,14.85018],[120.564,14.85018],[120.564,14.85071],[120.56373,14.85071]]]}},{"type":"Feature","properties":{},"geometry":{"type":"Polygon","coordinates":[[[120.53948,14.84883],[120.53948,14.84856],[120.53921,14.84856],[120.53921,14.84748],[120.53948,14.84748],[120.53948,14.84829],[120.53975,14.84829],[120.53975,14.84883],[120.53948,14.84883]]]}},{"type":"Feature","properties":{},"geometry":{"type":"Polygon","coordinates":[[[120.57747,14.84748],[120.57747,14.84721],[120.5772,14.84721],[120.5772,14.84694],[120.57774,14.84694],[120.57774,14.84721],[120.57801,14.84721],[120.57801,14.84748],[120.57747,14.84748]]]}},{"type":"Feature","properties":{},"geometry":{"type":"Polygon","coordinates":[[[120.6478,14.84721],[120.6478,14.84667],[120.64807,14.84667],[120.64807,14.84721],[120.6478,14.84721]]]}},{"type":"Feature","properties":{},"geometry":{"type":"Polygon","coordinates":[[[120.55969,14.84694],[120.55969,14.84667],[120.56023,14.84667],[120.56023,14.84694],[120.55969,14.84694]]]}},{"type":"Feature","properties":{},"geometry":{"type":"Polygon","coordinates":[[[120.56454,14.84559],[120.56454,14.84532],[120.56481,14.84532],[120.56481,14.84559],[120.56454,14.84559]]]}},{"type":"Feature","properties":{},"geometry":{"type":"Polygon","coordinates":[[[120.57074,14.84532],[120.57074,14.84506],[120.57101,14.84506],[120.57101,14.84532],[120.57074,14.84532]]]}},{"type":"Feature","properties":{},"geometry":{"type":"Polygon","coordinates":[[[120.56319,14.84479],[120.56319,14.84452],[120.56346,14.84452],[120.56346,14.84479],[120.56319,14.84479]]]}},{"type":"Feature","properties":{},"geometry":{"type":"Polygon","coordinates":[[[120.55187,14.84856],[120.55187,14.84829],[120.5516,14.84829],[120.5516,14.84721],[120.55106,14.84721],[120.55106,14.84694],[120.55079,14.84694],[120.55079,14.8464],[120.55106,14.8464],[120.55106,14.84613],[120.55079,14.84613],[120.55079,14.84479],[120.55106,14.84479],[120.55106,14.84586],[120.55133,14.84586],[120.55133,14.8464],[120.5516,14.8464],[120.5516,14.84694],[120.55187,14.84694],[120.55187,14.84667],[120.55214,14.84667],[120.55214,14.84613],[120.55187,14.84613],[120.55187,14.84452],[120.5516,14.84452],[120.5516,14.84425],[120.55214,14.84425],[120.55214,14.84506],[120.55241,14.84506],[120.55241,14.84559],[120.55268,14.84559],[120.55268,14.84721],[120.55295,14.84721],[120.55295,14.84802],[120.55241,14.84802],[120.55241,14.84829],[120.55214,14.84829],[120.55214,14.84856],[120.55187,14.84856]],[[120.55187,14.84721],[120.55214,14.84721],[120.55214,14.84694],[120.55187,14.84694],[120.55187,14.84721]]]}},{"type":"Feature","properties":{},"geometry":{"type":"Polygon","coordinates":[[[120.55942,14.8464],[120.55942,14.84586],[120.55915,14.84586],[120.55915,14.84506],[120.55888,14.84506],[120.55888,14.84479],[120.55942,14.84479],[120.55942,14.84452],[120.55969,14.84452],[120.55969,14.84425],[120.56023,14.84425],[120.56023,14.84398],[120.5605,14.84398],[120.5605,14.84371],[120.56077,14.84371],[120.56077,14.84398],[120.56184,14.84398],[120.56184,14.84371],[120.56238,14.84371],[120.56238,14.84425],[120.56292,14.84425],[120.56292,14.84452],[120.56265,14.84452],[120.56265,14.84479],[120.56319,14.84479],[120.56319,14.84506],[120.56292,14.84506],[120.56292,14.84586],[120.56319,14.84586],[120.56319,14.84559],[120.56373,14.84559],[120.56373,14.84613],[120.56346,14.84613],[120.56346,14.8464],[120.56319,14.8464],[120.56319,14.84613],[120.56265,14.84613],[120.56265,14.8464],[120.56238,14.8464],[120.56238,14.84613],[120.56103,14.84613],[120.56103,14.84586],[120.56077,14.84586],[120.56077,14.84613],[120.55996,14.84613],[120.55996,14.8464],[120.55942,14.8464]],[[120.56211,14.84532],[120.56265,14.84532],[120.56265,14.84506],[120.56211,14.84506],[120.56211,14.84532]]]}},{"type":"Feature","properties":{},"geometry":{"type":"Polygon","coordinates":[[[120.56481,14.84452],[120.56481,14.84398],[120.56508,14.84398],[120.56508,14.84344],[120.56615,14.84344],[120.56615,14.84371],[120.56535,14.84371],[120.56535,14.84425],[120.56508,14.84425],[120.56508,14.84452],[120.56481,14.84452]]]}},{"type":"Feature","properties":{},"geometry":{"type":"Polygon","coordinates":[[[120.55672,14.84398],[120.55672,14.84344],[120.5578,14.84344],[120.5578,14.84371],[120.55726,14.84371],[120.55726,14.84398],[120.55672,14.84398]]]}},{"type":"Feature","properties":{},"geometry":{"type":"Polygon","coordinates":[[[120.73565,14.84344],[120.73565,14.84317],[120.73592,14.84317],[120.73592,14.84344],[120.73565,14.84344]]]}},{"type":"Feature","properties":{},"geometry":{"type":"Polygon","coordinates":[[[120.56292,14.84344],[120.56292,14.8429],[120.56319,14.8429],[120.56319,14.84263],[120.56346,14.84263],[120.56346,14.84317],[120.56319,14.84317],[120.56319,14.84344],[120.56292,14.84344]]]}},{"type":"Feature","properties":{},"geometry":{"type":"Polygon","coordinates":[[[120.55942,14.84344],[120.55942,14.84236],[120.5605,14.84236],[120.5605,14.8429],[120.55969,14.8429],[120.55969,14.84344],[120.55942,14.84344]]]}},{"type":"Feature","properties":{},"geometry":{"type":"Polygon","coordinates":[[[120.56184,14.84317],[120.56184,14.84236],[120.56211,14.84236],[120.56211,14.84209],[120.56238,14.84209],[120.56238,14.84263],[120.56292,14.84263],[120.56292,14.8429],[120.56211,14.8429],[120.56211,14.84317],[120.56184,14.84317]]]}},{"type":"Feature","properties":{},"geometry":{"type":"Polygon","coordinates":[[[120.56615,14.8429],[120.56615,14.84236],[120.56589,14.84236],[120.56589,14.84155],[120.56615,14.84155],[120.56615,14.84209],[120.56642,14.84209],[120.56642,14.8429],[120.56615,14.8429]]]}},{"type":"Feature","properties":{},"geometry":{"type":"Polygon","coordinates":[[[120.55888,14.84155],[120.55888,14.84128],[120.55942,14.84128],[120.55942,14.84101],[120.55969,14.84101],[120.55969,14.84128],[120.55996,14.84128],[120.55996,14.84155],[120.55888,14.84155]]]}},{"type":"Feature","properties":{},"geometry":{"type":"Polygon","coordinates":[[[120.55996,14.84128],[120.55996,14.84101],[120.56023,14.84101],[120.56023,14.84128],[120.55996,14.84128]]]}},{"type":"Feature","properties":{},"geometry":{"type":"Polygon","coordinates":[[[120.56642,14.84074],[120.56642,14.84047],[120.56669,14.84047],[120.56669,14.84074],[120.56642,14.84074]]]}},{"type":"Feature","properties":{},"geometry":{"type":"Polygon","coordinates":[[[120.61439,14.84182],[120.61439,14.84128],[120.61412,14.84128],[120.61412,14.8402],[120.61439,14.8402],[120.61439,14.84074],[120.61466,14.84074],[120.61466,14.84101],[120.61493,14.84101],[120.61493,14.84155],[120.61466,14.84155],[120.61466,14.84182],[120.61439,14.84182]]]}},{"type":"Feature","properties":{},"geometry":{"type":"Polygon","coordinates":[[[120.61385,14.8402],[120.61385,14.83994],[120.61412,14.83994],[120.61412,14.8402],[120.61385,14.8402]]]}},{"type":"Feature","properties":{},"geometry":{"type":"Polygon","coordinates":[[[120.60604,14.83994],[120.60604,14.83967],[120.60631,14.83967],[120.60631,14.83994],[120.60604,14.83994]]]}},{"type":"Feature","properties":{},"geometry":{"type":"Polygon","coordinates":[[[120.60523,14.8394],[120.60523,14.83913],[120.6055,14.83913],[120.6055,14.8394],[120.60523,14.8394]]]}},{"type":"Feature","properties":{},"geometry":{"type":"Polygon","coordinates":[[[120.60307,14.83913],[120.60307,14.83886],[120.60361,14.83886],[120.60361,14.83913],[120.60307,14.83913]]]}},{"type":"Feature","properties":{},"geometry":{"type":"Polygon","coordinates":[[[120.60496,14.83913],[120.60496,14.83886],[120.60523,14.83886],[120.60523,14.83913],[120.60496,14.83913]]]}},{"type":"Feature","properties":{},"geometry":{"type":"Polygon","coordinates":[[[120.55079,14.83886],[120.55079,14.83805],[120.55133,14.83805],[120.55133,14.83778],[120.5516,14.83778],[120.5516,14.83859],[120.55106,14.83859],[120.55106,14.83886],[120.55079,14.83886]]]}},{"type":"Feature","properties":{},"geometry":{"type":"Polygon","coordinates":[[[120.60442,14.83832],[120.60442,14.83778],[120.60415,14.83778],[120.60415,14.83751],[120.60469,14.83751],[120.60469,14.83832],[120.60442,14.83832]]]}},{"type":"Feature","properties":{},"geometry":{"type":"Polygon","coordinates":[[[120.70143,14.83886],[120.70143,14.83832],[120.70116,14.83832],[120.70116,14.83805],[120.70143,14.83805],[120.70143,14.83751],[120.7017,14.83751],[120.7017,14.83724],[120.70251,14.83724],[120.70251,14.83751],[120.70305,14.83751],[120.70305,14.83805],[120.70278,14.83805],[120.70278,14.83832],[120.70251,14.83832],[120.70251,14.83886],[120.70143,14.83886]]]}},{"type":"Feature","properties":{},"geometry":{"type":"Polygon","coordinates":[[[120.60388,14.83589],[120.60388,14.83535],[120.60415,14.83535],[120.60415,14.83589],[120.60388,14.83589]]]}},{"type":"Feature","properties":{},"geometry":{"type":"Polygon","coordinates":[[[120.60415,14.83535],[120.60415,14.83508],[120.60442,14.83508],[120.60442,14.83535],[120.60415,14.83535]]]}},{"type":"Feature","properties":{},"geometry":{"type":"Polygon","coordinates":[[[120.60334,14.83616],[120.60334,14.83482],[120.60361,14.83482],[120.60361,14.83455],[120.60415,14.83455],[120.60415,14.83428],[120.60442,14.83428],[120.60442,14.83482],[120.60388,14.83482],[120.60388,14.83508],[120.60361,14.83508],[120.60361,14.83589],[120.60388,14.83589],[120.60388,14.83616],[120.60334,14.83616]]]}},{"type":"Feature","properties":{},"geometry":{"type":"Polygon","coordinates":[[[120.79844,14.83482],[120.79844,14.83455],[120.79871,14.83455],[120.79871,14.83428],[120.79925,14.83428],[120.79925,14.83455],[120.79951,14.83455],[120.79951,14.83482],[120.79844,14.83482]]]}},{"type":"Feature","properties":{},"geometry":{"type":"Polygon","coordinates":[[[120.79763,14.83455],[120.79763,14.83428],[120.7979,14.83428],[120.7979,14.83455],[120.79763,14.83455]]]}},{"type":"Feature","properties":{},"geometry":{"type":"Polygon","coordinates":[[[120.79601,14.83401],[120.79601,14.83374],[120.79655,14.83374],[120.79655,14.83401],[120.79601,14.83401]]]}},{"type":"Feature","properties":{},"geometry":{"type":"Polygon","coordinates":[[[120.80679,14.83805],[120.80679,14.83778],[120.80652,14.83778],[120.80652,14.83724],[120.80679,14.83724],[120.80679,14.8367],[120.80652,14.8367],[120.80652,14.83589],[120.80625,14.83589],[120.80625,14.83562],[120.80598,14.83562],[120.80598,14.83535],[120.80571,14.83535],[120.80571,14.83562],[120.80544,14.83562],[120.80544,14.83508],[120.80625,14.83508],[120.80625,14.83482],[120.80544,14.83482],[120.80544,14.83455],[120.80598,14.83455],[120.80598,14.83401],[120.80733,14.83401],[120.80733,14.83347],[120.8076,14.83347],[120.8076,14.83374],[120.80814,14.83374],[120.80814,14.83428],[120.8076,14.83428],[120.8076,14.83455],[120.80733,14.83455],[120.80733,14.83508],[120.8076,14.83508],[120.8076,14.83535],[120.80787,14.83535],[120.80787,14.83562],[120.8076,14.83562],[120.8076,14.83589],[120.80787,14.83589],[120.80787,14.83616],[120.8076,14.83616],[120.8076,14.83643],[120.80733,14.83643],[120.80733,14.8367],[120.8076,14.8367],[120.8076,14.83724],[120.80733,14.83724],[120.80733,14.83751],[120.8076,14.83751],[120.8076,14.83778],[120.80706,14.83778],[120.80706,14.83805],[120.80679,14.83805]],[[120.80652,14.83562],[120.80679,14.83562],[120.80679,14.83535],[120.80652,14.83535],[120.80652,14.83562]],[[120.80679,14.83535],[120.80706,14.83535],[120.80706,14.83508],[120.80679,14.83508],[120.80679,14.83535]],[[120.80652,14.83508],[120.80679,14.83508],[120.80679,14.83455],[120.80652,14.83455],[120.80652,14.83508]]]}},{"type":"Feature","properties":{},"geometry":{"type":"Polygon","coordinates":[[[120.80571,14.83374],[120.80571,14.8332],[120.80598,14.8332],[120.80598,14.83347],[120.80652,14.83347],[120.80652,14.83374],[120.80571,14.83374]]]}},{"type":"Feature","properties":{},"geometry":{"type":"Polygon","coordinates":[[[120.79574,14.83293],[120.79574,14.83266],[120.79655,14.83266],[120.79655,14.83293],[120.79574,14.83293]]]}},{"type":"Feature","properties":{},"geometry":{"type":"Polygon","coordinates":[[[120.76502,14.83266],[120.76502,14.83239],[120.76529,14.83239],[120.76529,14.83266],[120.76502,14.83266]]]}},{"type":"Feature","properties":{},"geometry":{"type":"Polygon","coordinates":[[[120.80598,14.8332],[120.80598,14.83239],[120.80571,14.83239],[120.80571,14.83185],[120.80652,14.83185],[120.80652,14.83239],[120.80679,14.83239],[120.80679,14.83293],[120.80706,14.83293],[120.80706,14.8332],[120.80652,14.8332],[120.80652,14.83293],[120.80625,14.83293],[120.80625,14.8332],[120.80598,14.8332]],[[120.80598,14.83239],[120.80625,14.83239],[120.80625,14.83212],[120.80598,14.83212],[120.80598,14.83239]]]}},{"type":"Feature","properties":{},"geometry":{"type":"Polygon","coordinates":[[[120.80383,14.83266],[120.80383,14.83212],[120.8041,14.83212],[120.8041,14.83158],[120.80437,14.83158],[120.80437,14.83131],[120.80463,14.83131],[120.80463,14.83077],[120.8049,14.83077],[120.8049,14.8305],[120.80517,14.8305],[120.80517,14.8297],[120.8049,14.8297],[120.8049,14.82943],[120.80463,14.82943],[120.80463,14.82916],[120.80517,14.82916],[120.80517,14.82943],[120.80544,14.82943],[120.80544,14.82996],[120.80571,14.82996],[120.80571,14.8305],[120.80544,14.8305],[120.80544,14.83077],[120.80517,14.83077],[120.80517,14.83104],[120.80544,14.83104],[120.80544,14.83131],[120.80517,14.83131],[120.80517,14.83158],[120.8049,14.83158],[120.8049,14.83212],[120.80517,14.83212],[120.80517,14.83266],[120.8049,14.83266],[120.8049,14.83239],[120.80437,14.83239],[120.80437,14.83266],[120.80383,14.83266]]]}},{"type":"Feature","properties":{},"geometry":{"type":"Polygon","coordinates":[[[120.79709,14.82943],[120.79709,14.82916],[120.79682,14.82916],[120.79682,14.82862],[120.79709,14.82862],[120.79709,14.82889],[120.79736,14.82889],[120.79736,14.82862],[120.79763,14.82862],[120.79763,14.82916],[120.79736,14.82916],[120.79736,14.82943],[120.79709,14.82943]]]}},{"type":"Feature","properties":{},"geometry":{"type":"Polygon","coordinates":[[[120.79601,14.82889],[120.79601,14.82862],[120.79655,14.82862],[120.79655,14.82889],[120.79601,14.82889]]]}},{"type":"Feature","properties":{},"geometry":{"type":"Polygon","coordinates":[[[120.59445,14.82808],[120.59445,14.82781],[120.59472,14.82781],[120.59472,14.82808],[120.59445,14.82808]]]}},{"type":"Feature","properties":{},"geometry":{"type":"Polygon","coordinates":[[[120.81299,14.82808],[120.81299,14.82781],[120.81353,14.82781],[120.81353,14.82754],[120.8138,14.82754],[120.8138,14.82781],[120.81407,14.82781],[120.81407,14.82754],[120.81434,14.82754],[120.81434,14.82808],[120.81299,14.82808]]]}},{"type":"Feature","properties":{},"geometry":{"type":"Polygon","coordinates":[[[120.76583,14.83131],[120.76583,14.83104],[120.7661,14.83104],[120.7661,14.83077],[120.76583,14.83077],[120.76583,14.83023],[120.76475,14.83023],[120.76475,14.82996],[120.76448,14.82996],[120.76448,14.8297],[120.76475,14.8297],[120.76475,14.82943],[120.76448,14.82943],[120.76448,14.82781],[120.76421,14.82781],[120.76421,14.82754],[120.76448,14.82754],[120.76448,14.82727],[120.76529,14.82727],[120.76529,14.82889],[120.76556,14.82889],[120.76556,14.82916],[120.76583,14.82916],[120.76583,14.8297],[120.76664,14.8297],[120.76664,14.82943],[120.76772,14.82943],[120.76772,14.8297],[120.76745,14.8297],[120.76745,14.8305],[120.76772,14.8305],[120.76772,14.83077],[120.76745,14.83077],[120.76745,14.83104],[120.76664,14.83104],[120.76664,14.83131],[120.76583,14.83131]]]}},{"type":"Feature","properties":{},"geometry":{"type":"Polygon","coordinates":[[[120.79736,14.82727],[120.79736,14.827],[120.79709,14.827],[120.79709,14.82673],[120.79763,14.82673],[120.79763,14.82727],[120.79736,14.82727]]]}},{"type":"Feature","properties":{},"geometry":{"type":"Polygon","coordinates":[[[120.81622,14.82754],[120.81622,14.82727],[120.81649,14.82727],[120.81649,14.827],[120.8173,14.827],[120.8173,14.82673],[120.81784,14.82673],[120.81784,14.82646],[120.81838,14.82646],[120.81838,14.82619],[120.81892,14.82619],[120.81892,14.82673],[120.81838,14.82673],[120.81838,14.827],[120.81784,14.827],[120.81784,14.82727],[120.81703,14.82727],[120.81703,14.82754],[120.81622,14.82754]]]}},{"type":"Feature","properties":{},"geometry":{"type":"Polygon","coordinates":[[[120.79763,14.82862],[120.79763,14.82727],[120.79817,14.82727],[120.79817,14.82754],[120.79844,14.82754],[120.79844,14.82781],[120.79871,14.82781],[120.79871,14.82754],[120.79898,14.82754],[120.79898,14.82673],[120.79978,14.82673],[120.79978,14.82592],[120.80086,14.82592],[120.80086,14.82673],[120.8014,14.82673],[120.8014,14.82646],[120.80167,14.82646],[120.80167,14.82592],[120.80248,14.82592],[120.80248,14.82619],[120.80302,14.82619],[120.80302,14.82673],[120.80248,14.82673],[120.80248,14.82646],[120.80221,14.82646],[120.80221,14.82673],[120.80194,14.82673],[120.80194,14.827],[120.80167,14.827],[120.80167,14.82727],[120.8014,14.82727],[120.8014,14.827],[120.80005,14.827],[120.80005,14.82727],[120.79925,14.82727],[120.79925,14.82781],[120.79898,14.82781],[120.79898,14.82808],[120.79871,14.82808],[120.79871,14.82835],[120.7979,14.82835],[120.7979,14.82862],[120.79763,14.82862]]]}},{"type":"Feature","properties":{},"geometry":{"type":"Polygon","coordinates":[[[120.79008,14.82619],[120.79008,14.82592],[120.79035,14.82592],[120.79035,14.82565],[120.79089,14.82565],[120.79089,14.82592],[120.79062,14.82592],[120.79062,14.82619],[120.79008,14.82619]]]}},{"type":"Feature","properties":{},"geometry":{"type":"Polygon","coordinates":[[[120.77661,14.82592],[120.77661,14.82565],[120.77688,14.82565],[120.77688,14.82592],[120.77661,14.82592]]]}},{"type":"Feature","properties":{},"geometry":{"type":"Polygon","coordinates":[[[120.77607,14.82565],[120.77607,14.82538],[120.77634,14.82538],[120.77634,14.82565],[120.77607,14.82565]]]}},{"type":"Feature","properties":{},"geometry":{"type":"Polygon","coordinates":[[[120.80275,14.82565],[120.80275,14.82511],[120.80302,14.82511],[120.80302,14.82565],[120.80275,14.82565]]]}},{"type":"Feature","properties":{},"geometry":{"type":"Polygon","coordinates":[[[120.55106,14.82619],[120.55106,14.82592],[120.54999,14.82592],[120.54999,14.82565],[120.55053,14.82565],[120.55053,14.82538],[120.54999,14.82538],[120.54999,14.82511],[120.5516,14.82511],[120.5516,14.82619],[120.55106,14.82619]]]}},{"type":"Feature","properties":{},"geometry":{"type":"Polygon","coordinates":[[[120.76826,14.82996],[120.76826,14.8297],[120.76799,14.8297],[120.76799,14.82943],[120.76772,14.82943],[120.76772,14.82808],[120.7688,14.82808],[120.7688,14.82781],[120.7696,14.82781],[120.7696,14.82754],[120.77014,14.82754],[120.77014,14.82727],[120.77041,14.82727],[120.77041,14.82673],[120.77014,14.82673],[120.77014,14.82646],[120.76987,14.82646],[120.76987,14.82619],[120.7696,14.82619],[120.7696,14.82592],[120.76906,14.82592],[120.76906,14.82565],[120.7696,14.82565],[120.7696,14.82538],[120.76987,14.82538],[120.76987,14.82511],[120.77176,14.82511],[120.77176,14.82538],[120.7723,14.82538],[120.7723,14.82511],[120.77257,14.82511],[120.77257,14.82485],[120.77284,14.82485],[120.77284,14.82511],[120.77338,14.82511],[120.77338,14.82538],[120.77365,14.82538],[120.77365,14.82458],[120.77392,14.82458],[120.77392,14.82431],[120.77418,14.82431],[120.77418,14.82485],[120.77607,14.82485],[120.77607,14.82538],[120.7758,14.82538],[120.7758,14.82511],[120.77526,14.82511],[120.77526,14.82565],[120.77499,14.82565],[120.77499,14.82619],[120.77472,14.82619],[120.77472,14.82673],[120.77445,14.82673],[120.77445,14.82727],[120.77418,14.82727],[120.77418,14.82754],[120.77392,14.82754],[120.77392,14.82781],[120.77365,14.82781],[120.77365,14.82808],[120.77311,14.82808],[120.77311,14.82835],[120.77338,14.82835],[120.77338,14.82862],[120.77284,14.82862],[120.77284,14.82889],[120.77257,14.82889],[120.77257,14.82862],[120.77203,14.82862],[120.77203,14.82889],[120.7723,14.82889],[120.7723,14.82916],[120.77149,14.82916],[120.77149,14.82889],[120.77122,14.82889],[120.77122,14.82862],[120.77068,14.82862],[120.77068,14.82943],[120.77014,14.82943],[120.77014,14.8297],[120.7696,14.8297],[120.7696,14.82996],[120.76826,14.82996]],[[120.77284,14.82808],[120.77311,14.82808],[120.77311,14.82781],[120.77284,14.82781],[120.77284,14.82808]]]}},{"type":"Feature","properties":{},"geometry":{"type":"Polygon","coordinates":[[[120.76906,14.82458],[120.76906,14.82431],[120.76826,14.82431],[120.76826,14.82377],[120.76772,14.82377],[120.76772,14.8235],[120.7688,14.8235],[120.7688,14.82377],[120.76906,14.82377],[120.76906,14.82404],[120.7696,14.82404],[120.7696,14.82431],[120.76933,14.82431],[120.76933,14.82458],[120.76906,14.82458]]]}},{"type":"Feature","properties":{},"geometry":{"type":"Polygon","coordinates":[[[120.83643,14.82485],[120.83643,14.82458],[120.83616,14.82458],[120.83616,14.82431],[120.83562,14.82431],[120.83562,14.82404],[120.83455,14.82404],[120.83455,14.82377],[120.83482,14.82377],[120.83482,14.82323],[120.83508,14.82323],[120.83508,14.8235],[120.83535,14.8235],[120.83535,14.82377],[120.83589,14.82377],[120.83589,14.82404],[120.8367,14.82404],[120.8367,14.82485],[120.83643,14.82485]]]}},{"type":"Feature","properties":{},"geometry":{"type":"Polygon","coordinates":[[[120.59903,14.8235],[120.59903,14.82323],[120.5993,14.82323],[120.5993,14.8235],[120.59903,14.8235]]]}},{"type":"Feature","properties":{},"geometry":{"type":"Polygon","coordinates":[[[120.62086,14.82404],[120.62086,14.82296],[120.62113,14.82296],[120.62113,14.82323],[120.6214,14.82323],[120.6214,14.82377],[120.62113,14.82377],[120.62113,14.82404],[120.62086,14.82404]]]}},{"type":"Feature","properties":{},"geometry":{"type":"Polygon","coordinates":[[[120.72137,14.82485],[120.72137,14.82458],[120.72056,14.82458],[120.72056,14.82431],[120.72002,14.82431],[120.72002,14.8235],[120.71948,14.8235],[120.71948,14.82377],[120.71894,14.82377],[120.71894,14.8235],[120.7184,14.8235],[120.7184,14.82323],[120.71894,14.82323],[120.71894,14.82296],[120.71948,14.82296],[120.71948,14.82269],[120.72056,14.82269],[120.72056,14.82296],[120.72137,14.82296],[120.72137,14.82377],[120.72164,14.82377],[120.72164,14.82404],[120.72191,14.82404],[120.72191,14.82458],[120.72164,14.82458],[120.72164,14.82485],[120.72137,14.82485]]]}},{"type":"Feature","properties":{},"geometry":{"type":"Polygon","coordinates":[[[120.83428,14.82323],[120.83428,14.82269],[120.83455,14.82269],[120.83455,14.82323],[120.83428,14.82323]]]}},{"type":"Feature","properties":{},"geometry":{"type":"Polygon","coordinates":[[[120.83508,14.82323],[120.83508,14.82242],[120.83562,14.82242],[120.83562,14.82269],[120.83535,14.82269],[120.83535,14.82323],[120.83508,14.82323]]]}},{"type":"Feature","properties":{},"geometry":{"type":"Polygon","coordinates":[[[120.7979,14.82269],[120.7979,14.82242],[120.79817,14.82242],[120.79817,14.82269],[120.7979,14.82269]]]}},{"type":"Feature","properties":{},"geometry":{"type":"Polygon","coordinates":[[[120.76933,14.82242],[120.76933,14.82215],[120.76987,14.82215],[120.76987,14.82242],[120.76933,14.82242]]]}},{"type":"Feature","properties":{},"geometry":{"type":"Polygon","coordinates":[[[120.77095,14.82377],[120.77095,14.82323],[120.77068,14.82323],[120.77068,14.82188],[120.77095,14.82188],[120.77095,14.82215],[120.77149,14.82215],[120.77149,14.82242],[120.77203,14.82242],[120.77203,14.82269],[120.7723,14.82269],[120.7723,14.82296],[120.77203,14.82296],[120.77203,14.82323],[120.77176,14.82323],[120.77176,14.82377],[120.77095,14.82377]]]}},{"type":"Feature","properties":{},"geometry":{"type":"Polygon","coordinates":[[[120.75694,14.82565],[120.75694,14.82538],[120.75667,14.82538],[120.75667,14.82431],[120.7564,14.82431],[120.7564,14.82404],[120.75586,14.82404],[120.75586,14.82323],[120.7564,14.82323],[120.7564,14.8235],[120.75694,14.8235],[120.75694,14.82296],[120.75667,14.82296],[120.75667,14.82242],[120.75721,14.82242],[120.75721,14.82215],[120.75748,14.82215],[120.75748,14.82188],[120.75775,14.82188],[120.75775,14.8235],[120.75721,14.8235],[120.75721,14.82377],[120.75829,14.82377],[120.75829,14.82404],[120.75856,14.82404],[120.75856,14.82431],[120.75829,14.82431],[120.75829,14.82458],[120.75775,14.82458],[120.75775,14.82485],[120.75748,14.82485],[120.75748,14.82565],[120.75694,14.82565]]]}},{"type":"Feature","properties":{},"geometry":{"type":"Polygon","coordinates":[[[120.54136,14.82215],[120.54136,14.82188],[120.5419,14.82188],[120.5419,14.82215],[120.54136,14.82215]]]}},{"type":"Feature","properties":{},"geometry":{"type":"Polygon","coordinates":[[[120.54217,14.82188],[120.54217,14.82161],[120.54244,14.82161],[120.54244,14.82188],[120.54217,14.82188]]]}},{"type":"Feature","properties":{},"geometry":{"type":"Polygon","coordinates":[[[120.80275,14.82404],[120.80275,14.82323],[120.80302,14.82323],[120.80302,14.82269],[120.80329,14.82269],[120.80329,14.82215],[120.80356,14.82215],[120.80356,14.82188],[120.80383,14.82188],[120.80383,14.82161],[120.8041,14.82161],[120.8041,14.82134],[120.80463,14.82134],[120.80463,14.82188],[120.80437,14.82188],[120.80437,14.82215],[120.8041,14.82215],[120.8041,14.82269],[120.80383,14.82269],[120.80383,14.82296],[120.80356,14.82296],[120.80356,14.82323],[120.80329,14.82323],[120.80329,14.82377],[120.80302,14.82377],[120.80302,14.82404],[120.80275,14.82404]]]}},{"type":"Feature","properties":{},"geometry":{"type":"Polygon","coordinates":[[[120.7944,14.82646],[120.7944,14.82619],[120.79413,14.82619],[120.79413,14.82592],[120.79359,14.82592],[120.79359,14.82538],[120.79413,14.82538],[120.79413,14.82431],[120.79305,14.82431],[120.79305,14.82404],[120.79278,14.82404],[120.79278,14.82377],[120.79224,14.82377],[120.79224,14.82404],[120.79197,14.82404],[120.79197,14.82485],[120.7917,14.82485],[120.7917,14.82511],[120.79116,14.82511],[120.79116,14.82565],[120.79089,14.82565],[120.79089,14.8235],[120.79116,14.8235],[120.79116,14.82296],[120.79143,14.82296],[120.79143,14.82242],[120.7917,14.82242],[120.7917,14.82215],[120.79251,14.82215],[120.79251,14.82242],[120.79332,14.82242],[120.79332,14.82269],[120.79359,14.82269],[120.79359,14.82296],[120.79386,14.82296],[120.79386,14.82377],[120.79413,14.82377],[120.79413,14.82404],[120.79466,14.82404],[120.79466,14.82458],[120.79493,14.82458],[120.79493,14.82511],[120.79547,14.82511],[120.79547,14.82485],[120.7952,14.82485],[120.7952,14.82458],[120.79547,14.82458],[120.79547,14.82431],[120.79574,14.82431],[120.79574,14.82458],[120.79601,14.82458],[120.79601,14.82377],[120.79547,14.82377],[120.79547,14.82296],[120.7952,14.82296],[120.7952,14.82134],[120.79574,14.82134],[120.79574,14.82188],[120.79601,14.82188],[120.79601,14.82215],[120.79628,14.82215],[120.79628,14.82242],[120.79736,14.82242],[120.79736,14.82269],[120.7979,14.82269],[120.7979,14.82323],[120.79817,14.82323],[120.79817,14.82377],[120.7979,14.82377],[120.7979,14.82404],[120.79817,14.82404],[120.79817,14.82565],[120.7979,14.82565],[120.7979,14.82592],[120.79682,14.82592],[120.79682,14.82565],[120.79601,14.82565],[120.79601,14.82538],[120.79493,14.82538],[120.79493,14.82592],[120.79466,14.82592],[120.79466,14.82646],[120.7944,14.82646]],[[120.79278,14.82296],[120.79332,14.82296],[120.79332,14.82269],[120.79278,14.82269],[120.79278,14.82296]]]}},{"type":"Feature","properties":{},"geometry":{"type":"Polygon","coordinates":[[[120.79466,14.82107],[120.79466,14.8208],[120.79493,14.8208],[120.79493,14.82107],[120.79466,14.82107]]]}},{"type":"Feature","properties":{},"geometry":{"type":"Polygon","coordinates":[[[120.80679,14.82053],[120.80679,14.82026],[120.80706,14.82026],[120.80706,14.82053],[120.80679,14.82053]]]}},{"type":"Feature","properties":{},"geometry":{"type":"Polygon","coordinates":[[[120.80787,14.82188],[120.80787,14.82134],[120.80868,14.82134],[120.80868,14.8208],[120.80895,14.8208],[120.80895,14.82053],[120.80868,14.82053],[120.80868,14.81999],[120.80895,14.81999],[120.80895,14.82026],[120.80922,14.82026],[120.80922,14.82134],[120.80895,14.82134],[120.80895,14.82161],[120.80868,14.82161],[120.80868,14.82188],[120.80787,14.82188]]]}},{"type":"Feature","properties":{},"geometry":{"type":"Polygon","coordinates":[[[120.83562,14.82161],[120.83562,14.82134],[120.83508,14.82134],[120.83508,14.81973],[120.83535,14.81973],[120.83535,14.81999],[120.83562,14.81999],[120.83562,14.82026],[120.83616,14.82026],[120.83616,14.82053],[120.83643,14.82053],[120.83643,14.82107],[120.83616,14.82107],[120.83616,14.82134],[120.83589,14.82134],[120.83589,14.82161],[120.83562,14.82161]]]}},{"type":"Feature","properties":{},"geometry":{"type":"Polygon","coordinates":[[[120.80625,14.81999],[120.80625,14.81973],[120.80679,14.81973],[120.80679,14.81999],[120.80625,14.81999]]]}},{"type":"Feature","properties":{},"geometry":{"type":"Polygon","coordinates":[[[120.76098,14.82404],[120.76098,14.82377],[120.7599,14.82377],[120.7599,14.8235],[120.75963,14.8235],[120.75963,14.82323],[120.75936,14.82323],[120.75936,14.82242],[120.75909,14.82242],[120.75909,14.82188],[120.75936,14.82188],[120.75936,14.82134],[120.75909,14.82134],[120.75909,14.8208],[120.75883,14.8208],[120.75883,14.82026],[120.75856,14.82026],[120.75856,14.81946],[120.75909,14.81946],[120.75909,14.81973],[120.75936,14.81973],[120.75936,14.82026],[120.75963,14.82026],[120.75963,14.8208],[120.7599,14.8208],[120.7599,14.82161],[120.75963,14.82161],[120.75963,14.82188],[120.76017,14.82188],[120.76017,14.82215],[120.76098,14.82215],[120.76098,14.82242],[120.76125,14.82242],[120.76125,14.82296],[120.76098,14.82296],[120.76098,14.82323],[120.76125,14.82323],[120.76125,14.8235],[120.76152,14.8235],[120.76152,14.82377],[120.76125,14.82377],[120.76125,14.82404],[120.76098,14.82404]]]}},{"type":"Feature","properties":{},"geometry":{"type":"Polygon","coordinates":[[[120.80814,14.81999],[120.80814,14.81946],[120.80868,14.81946],[120.80868,14.81999],[120.80814,14.81999]]]}},{"type":"Feature","properties":{},"geometry":{"type":"Polygon","coordinates":[[[120.77715,14.81973],[120.77715,14.81946],[120.77769,14.81946],[120.77769,14.81973],[120.77715,14.81973]]]}},{"type":"Feature","properties":{},"geometry":{"type":"Polygon","coordinates":[[[120.79871,14.8208],[120.79871,14.82026],[120.79844,14.82026],[120.79844,14.81999],[120.79817,14.81999],[120.79817,14.81946],[120.79844,14.81946],[120.79844,14.81919],[120.79898,14.81919],[120.79898,14.81999],[120.79951,14.81999],[120.79951,14.82026],[120.79925,14.82026],[120.79925,14.82053],[120.79898,14.82053],[120.79898,14.8208],[120.79871,14.8208]]]}},{"type":"Feature","properties":{},"geometry":{"type":"Polygon","coordinates":[[[120.77688,14.81946],[120.77688,14.81919],[120.77715,14.81919],[120.77715,14.81946],[120.77688,14.81946]]]}},{"type":"Feature","properties":{},"geometry":{"type":"Polygon","coordinates":[[[120.77634,14.81919],[120.77634,14.81892],[120.77661,14.81892],[120.77661,14.81919],[120.77634,14.81919]]]}},{"type":"Feature","properties":{},"geometry":{"type":"Polygon","coordinates":[[[120.75451,14.82188],[120.75451,14.82134],[120.75397,14.82134],[120.75397,14.82107],[120.75371,14.82107],[120.75371,14.82053],[120.75397,14.82053],[120.75397,14.82026],[120.75451,14.82026],[120.75451,14.81999],[120.75478,14.81999],[120.75478,14.81973],[120.75532,14.81973],[120.75532,14.81946],[120.75559,14.81946],[120.75559,14.81919],[120.75532,14.81919],[120.75532,14.81892],[120.75559,14.81892],[120.75559,14.81865],[120.75586,14.81865],[120.75586,14.81919],[120.75667,14.81919],[120.75667,14.81946],[120.75721,14.81946],[120.75721,14.81973],[120.75694,14.81973],[120.75694,14.82053],[120.75667,14.82053],[120.75667,14.82107],[120.7564,14.82107],[120.7564,14.82161],[120.75613,14.82161],[120.75613,14.82188],[120.75559,14.82188],[120.75559,14.82161],[120.75532,14.82161],[120.75532,14.82134],[120.75505,14.82134],[120.75505,14.82161],[120.75478,14.82161],[120.75478,14.82188],[120.75451,14.82188]]]}},{"type":"Feature","properties":{},"geometry":{"type":"Polygon","coordinates":[[[120.54675,14.81973],[120.54675,14.81919],[120.54702,14.81919],[120.54702,14.81892],[120.54729,14.81892],[120.54729,14.81865],[120.54756,14.81865],[120.54756,14.81838],[120.54837,14.81838],[120.54837,14.81892],[120.54783,14.81892],[120.54783,14.81946],[120.54756,14.81946],[120.54756,14.81973],[120.54675,14.81973]]]}},{"type":"Feature","properties":{},"geometry":{"type":"Polygon","coordinates":[[[120.79062,14.82161],[120.79062,14.82134],[120.79035,14.82134],[120.79035,14.82107],[120.79062,14.82107],[120.79062,14.8208],[120.79089,14.8208],[120.79089,14.82053],[120.79116,14.82053],[120.79116,14.82026],[120.79089,14.82026],[120.79089,14.81973],[120.79062,14.81973],[120.79062,14.81865],[120.79089,14.81865],[120.79089,14.81838],[120.79116,14.81838],[120.79116,14.81865],[120.79224,14.81865],[120.79224,14.81892],[120.79251,14.81892],[120.79251,14.81946],[120.79278,14.81946],[120.79278,14.81999],[120.79251,14.81999],[120.79251,14.81973],[120.79224,14.81973],[120.79224,14.81999],[120.7917,14.81999],[120.7917,14.82026],[120.79143,14.82026],[120.79143,14.82053],[120.7917,14.82053],[120.7917,14.82107],[120.79197,14.82107],[120.79197,14.82134],[120.79143,14.82134],[120.79143,14.82161],[120.79062,14.82161]]]}},{"type":"Feature","properties":{},"geometry":{"type":"Polygon","coordinates":[[[120.79978,14.82026],[120.79978,14.81973],[120.80005,14.81973],[120.80005,14.81946],[120.79951,14.81946],[120.79951,14.81919],[120.80032,14.81919],[120.80032,14.81865],[120.80059,14.81865],[120.80059,14.81919],[120.80086,14.81919],[120.80086,14.81865],[120.80113,14.81865],[120.80113,14.81838],[120.8014,14.81838],[120.8014,14.81946],[120.80059,14.81946],[120.80059,14.81999],[120.80005,14.81999],[120.80005,14.82026],[120.79978,14.82026]]]}},{"type":"Feature","properties":{},"geometry":{"type":"Polygon","coordinates":[[[120.80787,14.81919],[120.80787,14.81838],[120.80841,14.81838],[120.80841,14.81919],[120.80787,14.81919]]]}},{"type":"Feature","properties":{},"geometry":{"type":"Polygon","coordinates":[[[120.80975,14.81811],[120.80975,14.81784],[120.81056,14.81784],[120.81056,14.81811],[120.80975,14.81811]]]}},{"type":"Feature","properties":{},"geometry":{"type":"Polygon","coordinates":[[[120.8111,14.81811],[120.8111,14.81784],[120.81137,14.81784],[120.81137,14.81811],[120.8111,14.81811]]]}},{"type":"Feature","properties":{},"geometry":{"type":"Polygon","coordinates":[[[120.54783,14.81811],[120.54783,14.81784],[120.54756,14.81784],[120.54756,14.81757],[120.54783,14.81757],[120.54783,14.8173],[120.5481,14.8173],[120.5481,14.81757],[120.54837,14.81757],[120.54837,14.81811],[120.54783,14.81811]]]}},{"type":"Feature","properties":{},"geometry":{"type":"Polygon","coordinates":[[[120.75263,14.82188],[120.75263,14.8208],[120.75236,14.8208],[120.75236,14.82053],[120.75209,14.82053],[120.75209,14.82026],[120.75155,14.82026],[120.75155,14.81999],[120.75128,14.81999],[120.75128,14.81946],[120.75182,14.81946],[120.75182,14.81919],[120.7529,14.81919],[120.7529,14.81892],[120.75344,14.81892],[120.75344,14.81838],[120.75317,14.81838],[120.75317,14.81757],[120.75344,14.81757],[120.75344,14.81703],[120.75424,14.81703],[120.75424,14.81757],[120.75397,14.81757],[120.75397,14.81784],[120.75371,14.81784],[120.75371,14.81811],[120.75397,14.81811],[120.75397,14.81838],[120.75451,14.81838],[120.75451,14.81892],[120.75424,14.81892],[120.75424,14.81946],[120.75371,14.81946],[120.75371,14.82026],[120.75344,14.82026],[120.75344,14.82134],[120.75371,14.82134],[120.75371,14.82188],[120.75344,14.82188],[120.75344,14.82161],[120.7529,14.82161],[120.7529,14.82188],[120.75263,14.82188]],[[120.75344,14.81946],[120.75371,14.81946],[120.75371,14.81919],[120.75344,14.81919],[120.75344,14.81946]]]}},{"type":"Feature","properties":{},"geometry":{"type":"Polygon","coordinates":[[[120.64619,14.81757],[120.64619,14.81703],[120.64565,14.81703],[120.64565,14.81649],[120.64619,14.81649],[120.64619,14.81676],[120.64646,14.81676],[120.64646,14.81757],[120.64619,14.81757]]]}},{"type":"Feature","properties":{},"geometry":{"type":"Polygon","coordinates":[[[120.81245,14.81999],[120.81245,14.81973],[120.81218,14.81973],[120.81218,14.81919],[120.81191,14.81919],[120.81191,14.81865],[120.81164,14.81865],[120.81164,14.81838],[120.81137,14.81838],[120.81137,14.81811],[120.81164,14.81811],[120.81164,14.81784],[120.81191,14.81784],[120.81191,14.81757],[120.81164,14.81757],[120.81164,14.8173],[120.81137,14.8173],[120.81137,14.81703],[120.8111,14.81703],[120.8111,14.81649],[120.81137,14.81649],[120.81137,14.81622],[120.81245,14.81622],[120.81245,14.81649],[120.81272,14.81649],[120.81272,14.81676],[120.81326,14.81676],[120.81326,14.81703],[120.81353,14.81703],[120.81353,14.8173],[120.81326,14.8173],[120.81326,14.81838],[120.81353,14.81838],[120.81353,14.81865],[120.81326,14.81865],[120.81326,14.81919],[120.81299,14.81919],[120.81299,14.81973],[120.81272,14.81973],[120.81272,14.81999],[120.81245,14.81999]]]}},{"type":"Feature","properties":{},"geometry":{"type":"Polygon","coordinates":[[[120.78577,14.81676],[120.78577,14.81622],[120.78604,14.81622],[120.78604,14.81676],[120.78577,14.81676]]]}},{"type":"Feature","properties":{},"geometry":{"type":"Polygon","coordinates":[[[120.78577,14.81595],[120.78577,14.81514],[120.78604,14.81514],[120.78604,14.81595],[120.78577,14.81595]]]}},{"type":"Feature","properties":{},"geometry":{"type":"Polygon","coordinates":[[[120.77014,14.82053],[120.77014,14.81919],[120.76987,14.81919],[120.76987,14.81811],[120.77041,14.81811],[120.77041,14.81757],[120.77068,14.81757],[120.77068,14.8173],[120.77095,14.8173],[120.77095,14.81703],[120.77122,14.81703],[120.77122,14.81676],[120.77149,14.81676],[120.77149,14.81649],[120.77176,14.81649],[120.77176,14.81487],[120.77203,14.81487],[120.77203,14.81541],[120.7723,14.81541],[120.7723,14.81622],[120.77257,14.81622],[120.77257,14.81649],[120.77284,14.81649],[120.77284,14.81676],[120.77311,14.81676],[120.77311,14.8173],[120.77257,14.8173],[120.77257,14.81757],[120.7723,14.81757],[120.7723,14.81919],[120.77176,14.81919],[120.77176,14.81999],[120.77122,14.81999],[120.77122,14.82026],[120.77095,14.82026],[120.77095,14.82053],[120.77014,14.82053]]]}},{"type":"Feature","properties":{},"geometry":{"type":"Polygon","coordinates":[[[120.54702,14.81649],[120.54702,14.81595],[120.54675,14.81595],[120.54675,14.81568],[120.54648,14.81568],[120.54648,14.81487],[120.54675,14.81487],[120.54675,14.81514],[120.54783,14.81514],[120.54783,14.81541],[120.54837,14.81541],[120.54837,14.81649],[120.54702,14.81649]]]}},{"type":"Feature","properties":{},"geometry":{"type":"Polygon","coordinates":[[[120.7723,14.81541],[120.7723,14.81461],[120.77257,14.81461],[120.77257,14.81541],[120.7723,14.81541]]]}},{"type":"Feature","properties":{},"geometry":{"type":"Polygon","coordinates":[[[120.79386,14.81487],[120.79386,14.81461],[120.7944,14.81461],[120.7944,14.81487],[120.79386,14.81487]]]}},{"type":"Feature","properties":{},"geometry":{"type":"Polygon","coordinates":[[[120.79224,14.81514],[120.79224,14.81487],[120.7917,14.81487],[120.7917,14.81461],[120.79143,14.81461],[120.79143,14.81407],[120.79116,14.81407],[120.79116,14.8138],[120.79197,14.8138],[120.79197,14.81407],[120.79251,14.81407],[120.79251,14.81434],[120.79224,14.81434],[120.79224,14.81461],[120.79305,14.81461],[120.79305,14.81487],[120.79251,14.81487],[120.79251,14.81514],[120.79224,14.81514]]]}},{"type":"Feature","properties":{},"geometry":{"type":"Polygon","coordinates":[[[120.7882,14.81649],[120.7882,14.81622],[120.78793,14.81622],[120.78793,14.81595],[120.78766,14.81595],[120.78766,14.81622],[120.78685,14.81622],[120.78685,14.81595],[120.78658,14.81595],[120.78658,14.81487],[120.78685,14.81487],[120.78685,14.81434],[120.78658,14.81434],[120.78658,14.81407],[120.78739,14.81407],[120.78739,14.8138],[120.78793,14.8138],[120.78793,14.81353],[120.7882,14.81353],[120.7882,14.8138],[120.78847,14.8138],[120.78847,14.81434],[120.78874,14.81434],[120.78874,14.81461],[120.78847,14.81461],[120.78847,14.81487],[120.78874,14.81487],[120.78874,14.81568],[120.78901,14.81568],[120.78901,14.81622],[120.78928,14.81622],[120.78928,14.81649],[120.7882,14.81649]],[[120.78766,14.81514],[120.78793,14.81514],[120.78793,14.81487],[120.78766,14.81487],[120.78766,14.81514]]]}},{"type":"Feature","properties":{},"geometry":{"type":"Polygon","coordinates":[[[120.77176,14.81353],[120.77176,14.81299],[120.77203,14.81299],[120.77203,14.81353],[120.77176,14.81353]]]}},{"type":"Feature","properties":{},"geometry":{"type":"Polygon","coordinates":[[[120.78981,14.81407],[120.78981,14.8138],[120.78954,14.8138],[120.78954,14.81326],[120.78928,14.81326],[120.78928,14.81299],[120.79089,14.81299],[120.79089,14.8138],[120.79062,14.8138],[120.79062,14.81407],[120.78981,14.81407]],[[120.79008,14.8138],[120.79062,14.8138],[120.79062,14.81353],[120.79008,14.81353],[120.79008,14.8138]]]}},{"type":"Feature","properties":{},"geometry":{"type":"Polygon","coordinates":[[[120.80167,14.81514],[120.80167,14.81461],[120.80194,14.81461],[120.80194,14.81434],[120.80248,14.81434],[120.80248,14.81407],[120.80302,14.81407],[120.80302,14.8138],[120.80383,14.8138],[120.80383,14.81272],[120.80437,14.81272],[120.80437,14.81299],[120.8041,14.81299],[120.8041,14.81326],[120.80437,14.81326],[120.80437,14.8138],[120.80463,14.8138],[120.80463,14.81434],[120.8041,14.81434],[120.8041,14.81461],[120.80356,14.81461],[120.80356,14.81487],[120.80275,14.81487],[120.80275,14.81514],[120.80167,14.81514]]]}},{"type":"Feature","properties":{},"geometry":{"type":"Polygon","coordinates":[[[120.76475,14.81272],[120.76475,14.81218],[120.7661,14.81218],[120.7661,14.81245],[120.76583,14.81245],[120.76583,14.81272],[120.76475,14.81272]]]}},{"type":"Feature","properties":{},"geometry":{"type":"Polygon","coordinates":[[[120.78901,14.81245],[120.78901,14.81218],[120.78954,14.81218],[120.78954,14.81245],[120.78901,14.81245]]]}},{"type":"Feature","properties":{},"geometry":{"type":"Polygon","coordinates":[[[120.80706,14.81218],[120.80706,14.81164],[120.80733,14.81164],[120.80733,14.81218],[120.80706,14.81218]]]}},{"type":"Feature","properties":{},"geometry":{"type":"Polygon","coordinates":[[[120.76637,14.81191],[120.76637,14.81137],[120.76664,14.81137],[120.76664,14.81191],[120.76637,14.81191]]]}},{"type":"Feature","properties":{},"geometry":{"type":"Polygon","coordinates":[[[120.76691,14.81191],[120.76691,14.81164],[120.76718,14.81164],[120.76718,14.81137],[120.76745,14.81137],[120.76745,14.81191],[120.76691,14.81191]]]}},{"type":"Feature","properties":{},"geometry":{"type":"Polygon","coordinates":[[[120.76745,14.81137],[120.76745,14.8111],[120.76826,14.8111],[120.76826,14.81137],[120.76745,14.81137]]]}},{"type":"Feature","properties":{},"geometry":{"type":"Polygon","coordinates":[[[120.76826,14.8111],[120.76826,14.81083],[120.76853,14.81083],[120.76853,14.8111],[120.76826,14.8111]]]}},{"type":"Feature","properties":{},"geometry":{"type":"Polygon","coordinates":[[[120.80679,14.81164],[120.80679,14.81083],[120.80652,14.81083],[120.80652,14.81056],[120.80706,14.81056],[120.80706,14.81164],[120.80679,14.81164]]]}},{"type":"Feature","properties":{},"geometry":{"type":"Polygon","coordinates":[[[120.79763,14.8111],[120.79763,14.81083],[120.79736,14.81083],[120.79736,14.81056],[120.79763,14.81056],[120.79763,14.81029],[120.7979,14.81029],[120.7979,14.81056],[120.79817,14.81056],[120.79817,14.81083],[120.7979,14.81083],[120.7979,14.8111],[120.79763,14.8111]]]}},{"type":"Feature","properties":{},"geometry":{"type":"Polygon","coordinates":[[[120.8076,14.81137],[120.8076,14.81002],[120.80787,14.81002],[120.80787,14.81083],[120.80814,14.81083],[120.80814,14.81137],[120.8076,14.81137]]]}},{"type":"Feature","properties":{},"geometry":{"type":"Polygon","coordinates":[[[120.76853,14.81056],[120.76853,14.81002],[120.7688,14.81002],[120.7688,14.81056],[120.76853,14.81056]]]}},{"type":"Feature","properties":{},"geometry":{"type":"Polygon","coordinates":[[[120.77257,14.81218],[120.77257,14.81191],[120.77338,14.81191],[120.77338,14.81164],[120.77311,14.81164],[120.77311,14.81137],[120.77284,14.81137],[120.77284,14.8111],[120.77257,14.8111],[120.77257,14.81083],[120.7723,14.81083],[120.7723,14.81056],[120.77203,14.81056],[120.77203,14.81029],[120.77176,14.81029],[120.77176,14.81002],[120.7723,14.81002],[120.7723,14.81029],[120.77257,14.81029],[120.77257,14.81056],[120.77311,14.81056],[120.77311,14.81083],[120.77338,14.81083],[120.77338,14.8111],[120.77392,14.8111],[120.77392,14.81137],[120.77472,14.81137],[120.77472,14.81191],[120.77418,14.81191],[120.77418,14.81218],[120.77257,14.81218]]]}},{"type":"Feature","properties":{},"geometry":{"type":"Polygon","coordinates":[[[120.7688,14.81002],[120.7688,14.80975],[120.76906,14.80975],[120.76906,14.81002],[120.7688,14.81002]]]}},{"type":"Feature","properties":{},"geometry":{"type":"Polygon","coordinates":[[[120.77149,14.81002],[120.77149,14.80975],[120.77176,14.80975],[120.77176,14.81002],[120.77149,14.81002]]]}},{"type":"Feature","properties":{},"geometry":{"type":"Polygon","coordinates":[[[120.77311,14.81029],[120.77311,14.81002],[120.77284,14.81002],[120.77284,14.80975],[120.77338,14.80975],[120.77338,14.81029],[120.77311,14.81029]]]}},{"type":"Feature","properties":{},"geometry":{"type":"Polygon","coordinates":[[[120.77041,14.80975],[120.77041,14.80949],[120.77149,14.80949],[120.77149,14.80975],[120.77041,14.80975]]]}},{"type":"Feature","properties":{},"geometry":{"type":"Polygon","coordinates":[[[120.53786,14.80949],[120.53786,14.80922],[120.53867,14.80922],[120.53867,14.80949],[120.53786,14.80949]]]}},{"type":"Feature","properties":{},"geometry":{"type":"Polygon","coordinates":[[[120.77203,14.80975],[120.77203,14.80949],[120.77176,14.80949],[120.77176,14.80922],[120.7723,14.80922],[120.7723,14.80949],[120.77284,14.80949],[120.77284,14.80975],[120.77203,14.80975]]]}},{"type":"Feature","properties":{},"geometry":{"type":"Polygon","coordinates":[[[120.61762,14.80949],[120.61762,14.80895],[120.61789,14.80895],[120.61789,14.80922],[120.61816,14.80922],[120.61816,14.80949],[120.61762,14.80949]]]}},{"type":"Feature","properties":{},"geometry":{"type":"Polygon","coordinates":[[[120.79978,14.80922],[120.79978,14.80895],[120.80032,14.80895],[120.80032,14.80922],[120.79978,14.80922]]]}},{"type":"Feature","properties":{},"geometry":{"type":"Polygon","coordinates":[[[120.80059,14.80922],[120.80059,14.80895],[120.80086,14.80895],[120.80086,14.80922],[120.80059,14.80922]]]}},{"type":"Feature","properties":{},"geometry":{"type":"Polygon","coordinates":[[[120.80113,14.80922],[120.80113,14.80895],[120.8014,14.80895],[120.8014,14.80922],[120.80113,14.80922]]]}},{"type":"Feature","properties":{},"geometry":{"type":"Polygon","coordinates":[[[120.84667,14.80922],[120.84667,14.80895],[120.84694,14.80895],[120.84694,14.80922],[120.84667,14.80922]]]}},{"type":"Feature","properties":{},"geometry":{"type":"Polygon","coordinates":[[[120.79493,14.81865],[120.79493,14.81811],[120.79466,14.81811],[120.79466,14.81676],[120.79493,14.81676],[120.79493,14.81649],[120.79547,14.81649],[120.79547,14.81622],[120.79655,14.81622],[120.79655,14.81595],[120.79628,14.81595],[120.79628,14.81568],[120.79709,14.81568],[120.79709,14.81487],[120.79655,14.81487],[120.79655,14.81461],[120.79547,14.81461],[120.79547,14.81434],[120.79574,14.81434],[120.79574,14.81407],[120.79547,14.81407],[120.79547,14.8138],[120.79466,14.8138],[120.79466,14.81434],[120.79413,14.81434],[120.79413,14.81407],[120.7944,14.81407],[120.7944,14.81245],[120.79466,14.81245],[120.79466,14.81218],[120.7944,14.81218],[120.7944,14.81083],[120.79493,14.81083],[120.79493,14.81056],[120.79466,14.81056],[120.79466,14.80922],[120.7952,14.80922],[120.7952,14.80895],[120.79547,14.80895],[120.79547,14.80922],[120.79574,14.80922],[120.79574,14.80949],[120.7952,14.80949],[120.7952,14.81029],[120.79547,14.81029],[120.79547,14.81056],[120.79655,14.81056],[120.79655,14.81029],[120.79682,14.81029],[120.79682,14.80895],[120.79736,14.80895],[120.79736,14.80868],[120.79817,14.80868],[120.79817,14.80841],[120.79925,14.80841],[120.79925,14.80868],[120.79978,14.80868],[120.79978,14.80895],[120.79844,14.80895],[120.79844,14.80922],[120.79736,14.80922],[120.79736,14.80949],[120.79709,14.80949],[120.79709,14.81002],[120.79763,14.81002],[120.79763,14.81029],[120.79709,14.81029],[120.79709,14.81056],[120.79682,14.81056],[120.79682,14.81083],[120.79655,14.81083],[120.79655,14.8111],[120.79601,14.8111],[120.79601,14.81137],[120.79628,14.81137],[120.79628,14.81218],[120.79601,14.81218],[120.79601,14.81299],[120.79628,14.81299],[120.79628,14.81272],[120.79655,14.81272],[120.79655,14.81245],[120.79682,14.81245],[120.79682,14.81218],[120.79709,14.81218],[120.79709,14.81245],[120.79736,14.81245],[120.79736,14.81272],[120.79844,14.81272],[120.79844,14.81299],[120.79898,14.81299],[120.79898,14.81272],[120.79925,14.81272],[120.79925,14.81245],[120.80005,14.81245],[120.80005,14.81272],[120.80032,14.81272],[120.80032,14.81299],[120.80059,14.81299],[120.80059,14.81326],[120.80086,14.81326],[120.80086,14.81353],[120.80113,14.81353],[120.80113,14.81461],[120.80059,14.81461],[120.80059,14.81487],[120.80086,14.81487],[120.80086,14.81568],[120.80113,14.81568],[120.80113,14.81595],[120.80005,14.81595],[120.80005,14.81622],[120.79978,14.81622],[120.79978,14.81649],[120.79898,14.81649],[120.79898,14.81676],[120.79871,14.81676],[120.79871,14.8173],[120.79898,14.8173],[120.79898,14.81811],[120.79871,14.81811],[120.79871,14.81784],[120.79844,14.81784],[120.79844,14.81757],[120.79817,14.81757],[120.79817,14.81784],[120.79763,14.81784],[120.79763,14.81811],[120.79709,14.81811],[120.79709,14.81838],[120.79682,14.81838],[120.79682,14.81811],[120.79655,14.81811],[120.79655,14.81838],[120.79547,14.81838],[120.79547,14.81865],[120.79493,14.81865]],[[120.79682,14.81622],[120.79709,14.81622],[120.79709,14.81595],[120.79682,14.81595],[120.79682,14.81622]],[[120.79709,14.81487],[120.79736,14.81487],[120.79736,14.81434],[120.79709,14.81434],[120.79709,14.81487]],[[120.79763,14.81461],[120.79817,14.81461],[120.79817,14.81434],[120.7979,14.81434],[120.7979,14.8138],[120.79763,14.8138],[120.79763,14.81299],[120.79709,14.81299],[120.79709,14.81407],[120.79736,14.81407],[120.79736,14.81434],[120.79763,14.81434],[120.79763,14.81461]],[[120.7979,14.81326],[120.79844,14.81326],[120.79844,14.81299],[120.7979,14.81299],[120.7979,14.81326]],[[120.7952,14.81137],[120.79547,14.81137],[120.79547,14.8111],[120.7952,14.8111],[120.7952,14.81137]],[[120.79547,14.8111],[120.79574,14.8111],[120.79574,14.81083],[120.79547,14.81083],[120.79547,14.8111]]]}},{"type":"Feature","properties":{},"geometry":{"type":"Polygon","coordinates":[[[120.8014,14.80895],[120.8014,14.80868],[120.80167,14.80868],[120.80167,14.80841],[120.80194,14.80841],[120.80194,14.80895],[120.8014,14.80895]]]}},{"type":"Feature","properties":{},"geometry":{"type":"Polygon","coordinates":[[[120.84694,14.80895],[120.84694,14.80841],[120.84721,14.80841],[120.84721,14.80814],[120.84748,14.80814],[120.84748,14.80868],[120.84721,14.80868],[120.84721,14.80895],[120.84694,14.80895]]]}},{"type":"Feature","properties":{},"geometry":{"type":"Polygon","coordinates":[[[120.78442,14.80868],[120.78442,14.80814],[120.78496,14.80814],[120.78496,14.80868],[120.78442,14.80868]]]}},{"type":"Feature","properties":{},"geometry":{"type":"Polygon","coordinates":[[[120.80194,14.80841],[120.80194,14.80814],[120.80221,14.80814],[120.80221,14.80841],[120.80194,14.80841]]]}},{"type":"Feature","properties":{},"geometry":{"type":"Polygon","coordinates":[[[120.78658,14.81326],[120.78658,14.81137],[120.78631,14.81137],[120.78631,14.81083],[120.78604,14.81083],[120.78604,14.80975],[120.78577,14.80975],[120.78577,14.80733],[120.78604,14.80733],[120.78604,14.80706],[120.78658,14.80706],[120.78658,14.80733],[120.78685,14.80733],[120.78685,14.80787],[120.78712,14.80787],[120.78712,14.80895],[120.78766,14.80895],[120.78766,14.80841],[120.78739,14.80841],[120.78739,14.80787],[120.78874,14.80787],[120.78874,14.80814],[120.78901,14.80814],[120.78901,14.80841],[120.7882,14.80841],[120.7882,14.80895],[120.78847,14.80895],[120.78847,14.80868],[120.78954,14.80868],[120.78954,14.80841],[120.78981,14.80841],[120.78981,14.80868],[120.79008,14.80868],[120.79008,14.80895],[120.78981,14.80895],[120.78981,14.80975],[120.79008,14.80975],[120.79008,14.81029],[120.78954,14.81029],[120.78954,14.81056],[120.78874,14.81056],[120.78874,14.81029],[120.78847,14.81029],[120.78847,14.81002],[120.7882,14.81002],[120.7882,14.80975],[120.78766,14.80975],[120.78766,14.81056],[120.78793,14.81056],[120.78793,14.81137],[120.78766,14.81137],[120.78766,14.81245],[120.78793,14.81245],[120.78793,14.81299],[120.78739,14.81299],[120.78739,14.81326],[120.78658,14.81326]]]}},{"type":"Feature","properties":{},"geometry":{"type":"Polygon","coordinates":[[[120.74266,14.81056],[120.74266,14.80922],[120.74293,14.80922],[120.74293,14.80733],[120.74266,14.80733],[120.74266,14.80706],[120.74293,14.80706],[120.74293,14.80679],[120.74347,14.80679],[120.74347,14.80706],[120.744,14.80706],[120.744,14.8076],[120.74427,14.8076],[120.74427,14.80787],[120.74454,14.80787],[120.74454,14.80814],[120.74427,14.80814],[120.74427,14.80841],[120.744,14.80841],[120.744,14.80868],[120.74427,14.80868],[120.74427,14.80949],[120.74454,14.80949],[120.74454,14.81056],[120.744,14.81056],[120.744,14.81002],[120.74373,14.81002],[120.74373,14.81029],[120.74347,14.81029],[120.74347,14.81056],[120.74266,14.81056]]]}},{"type":"Feature","properties":{},"geometry":{"type":"Polygon","coordinates":[[[120.61655,14.80733],[120.61655,14.80706],[120.61628,14.80706],[120.61628,14.80679],[120.61601,14.80679],[120.61601,14.80652],[120.61655,14.80652],[120.61655,14.80679],[120.61681,14.80679],[120.61681,14.80706],[120.61708,14.80706],[120.61708,14.80733],[120.61655,14.80733]]]}},{"type":"Feature","properties":{},"geometry":{"type":"Polygon","coordinates":[[[120.78469,14.80706],[120.78469,14.80652],[120.78496,14.80652],[120.78496,14.80625],[120.78523,14.80625],[120.78523,14.80706],[120.78469,14.80706]]]}},{"type":"Feature","properties":{},"geometry":{"type":"Polygon","coordinates":[[[120.78874,14.81191],[120.78874,14.81137],[120.78901,14.81137],[120.78901,14.8111],[120.78928,14.8111],[120.78928,14.81083],[120.79008,14.81083],[120.79008,14.81056],[120.79035,14.81056],[120.79035,14.81029],[120.79062,14.81029],[120.79062,14.80975],[120.79035,14.80975],[120.79035,14.80868],[120.79008,14.80868],[120.79008,14.80814],[120.79062,14.80814],[120.79062,14.80787],[120.79089,14.80787],[120.79089,14.8076],[120.79035,14.8076],[120.79035,14.80679],[120.79008,14.80679],[120.79008,14.80625],[120.79062,14.80625],[120.79062,14.80598],[120.79089,14.80598],[120.79089,14.80625],[120.7917,14.80625],[120.7917,14.80652],[120.79197,14.80652],[120.79197,14.80625],[120.79251,14.80625],[120.79251,14.80706],[120.79278,14.80706],[120.79278,14.80733],[120.79305,14.80733],[120.79305,14.80787],[120.79278,14.80787],[120.79278,14.80814],[120.79197,14.80814],[120.79197,14.80895],[120.7917,14.80895],[120.7917,14.80975],[120.79143,14.80975],[120.79143,14.81029],[120.79116,14.81029],[120.79116,14.81056],[120.79089,14.81056],[120.79089,14.81083],[120.79143,14.81083],[120.79143,14.8111],[120.7917,14.8111],[120.7917,14.81137],[120.79197,14.81137],[120.79197,14.81191],[120.79143,14.81191],[120.79143,14.81164],[120.79089,14.81164],[120.79089,14.81191],[120.79035,14.81191],[120.79035,14.81137],[120.79062,14.81137],[120.79062,14.81083],[120.79035,14.81083],[120.79035,14.8111],[120.78981,14.8111],[120.78981,14.81137],[120.78928,14.81137],[120.78928,14.81164],[120.78981,14.81164],[120.78981,14.81191],[120.78874,14.81191]],[[120.79089,14.80868],[120.79116,14.80868],[120.79116,14.80841],[120.79089,14.80841],[120.79089,14.80868]],[[120.79116,14.80787],[120.79143,14.80787],[120.79143,14.80733],[120.79089,14.80733],[120.79089,14.8076],[120.79116,14.8076],[120.79116,14.80787]]]}},{"type":"Feature","properties":{},"geometry":{"type":"Polygon","coordinates":[[[120.80571,14.80652],[120.80571,14.80625],[120.80598,14.80625],[120.80598,14.80598],[120.80625,14.80598],[120.80625,14.80652],[120.80571,14.80652]]]}},{"type":"Feature","properties":{},"geometry":{"type":"Polygon","coordinates":[[[120.79251,14.80625],[120.79251,14.80598],[120.79278,14.80598],[120.79278,14.80625],[120.79251,14.80625]]]}},{"type":"Feature","properties":{},"geometry":{"type":"Polygon","coordinates":[[[120.79386,14.80652],[120.79386,14.80625],[120.79359,14.80625],[120.79359,14.80598],[120.79413,14.80598],[120.79413,14.80652],[120.79386,14.80652]]]}},{"type":"Feature","properties":{},"geometry":{"type":"Polygon","coordinates":[[[120.82996,14.80652],[120.82996,14.80625],[120.8297,14.80625],[120.8297,14.80598],[120.83023,14.80598],[120.83023,14.80652],[120.82996,14.80652]]]}},{"type":"Feature","properties":{},"geometry":{"type":"Polygon","coordinates":[[[120.84613,14.80733],[120.84613,14.80625],[120.8464,14.80625],[120.8464,14.80571],[120.84667,14.80571],[120.84667,14.80652],[120.8464,14.80652],[120.8464,14.80679],[120.84667,14.80679],[120.84667,14.80733],[120.84613,14.80733]]]}},{"type":"Feature","properties":{},"geometry":{"type":"Polygon","coordinates":[[[120.82862,14.80598],[120.82862,14.80571],[120.82835,14.80571],[120.82835,14.80544],[120.82916,14.80544],[120.82916,14.80571],[120.8297,14.80571],[120.8297,14.80598],[120.82862,14.80598]]]}},{"type":"Feature","properties":{},"geometry":{"type":"Polygon","coordinates":[[[120.80571,14.80571],[120.80571,14.80517],[120.80598,14.80517],[120.80598,14.80571],[120.80571,14.80571]]]}},{"type":"Feature","properties":{},"geometry":{"type":"Polygon","coordinates":[[[120.84667,14.80571],[120.84667,14.80517],[120.84694,14.80517],[120.84694,14.80571],[120.84667,14.80571]]]}},{"type":"Feature","properties":{},"geometry":{"type":"Polygon","coordinates":[[[120.75694,14.80517],[120.75694,14.80463],[120.75748,14.80463],[120.75748,14.8049],[120.75802,14.8049],[120.75802,14.80517],[120.75694,14.80517]]]}},{"type":"Feature","properties":{},"geometry":{"type":"Polygon","coordinates":[[[120.82781,14.80544],[120.82781,14.80517],[120.82754,14.80517],[120.82754,14.80463],[120.82781,14.80463],[120.82781,14.8049],[120.82808,14.8049],[120.82808,14.80517],[120.82835,14.80517],[120.82835,14.80544],[120.82781,14.80544]]]}},{"type":"Feature","properties":{},"geometry":{"type":"Polygon","coordinates":[[[120.80571,14.8049],[120.80571,14.80463],[120.80598,14.80463],[120.80598,14.8049],[120.80571,14.8049]]]}},{"type":"Feature","properties":{},"geometry":{"type":"Polygon","coordinates":[[[120.80652,14.8049],[120.80652,14.80437],[120.80679,14.80437],[120.80679,14.8049],[120.80652,14.8049]]]}},{"type":"Feature","properties":{},"geometry":{"type":"Polygon","coordinates":[[[120.75667,14.80463],[120.75667,14.8041],[120.75694,14.8041],[120.75694,14.80463],[120.75667,14.80463]]]}},{"type":"Feature","properties":{},"geometry":{"type":"Polygon","coordinates":[[[120.63164,14.80544],[120.63164,14.80517],[120.63137,14.80517],[120.63137,14.80437],[120.63164,14.80437],[120.63164,14.80383],[120.63191,14.80383],[120.63191,14.80463],[120.63164,14.80463],[120.63164,14.8049],[120.63191,14.8049],[120.63191,14.80544],[120.63164,14.80544]]]}},{"type":"Feature","properties":{},"geometry":{"type":"Polygon","coordinates":[[[120.7723,14.8041],[120.7723,14.80383],[120.77284,14.80383],[120.77284,14.8041],[120.7723,14.8041]]]}},{"type":"Feature","properties":{},"geometry":{"type":"Polygon","coordinates":[[[120.77823,14.82646],[120.77823,14.82619],[120.77769,14.82619],[120.77769,14.82592],[120.77796,14.82592],[120.77796,14.82538],[120.77823,14.82538],[120.77823,14.82511],[120.7793,14.82511],[120.7793,14.82431],[120.77904,14.82431],[120.77904,14.82404],[120.77877,14.82404],[120.77877,14.82377],[120.77823,14.82377],[120.77823,14.8235],[120.77796,14.8235],[120.77796,14.82269],[120.77823,14.82269],[120.77823,14.82161],[120.7785,14.82161],[120.7785,14.82134],[120.77877,14.82134],[120.77877,14.82053],[120.77957,14.82053],[120.77957,14.82026],[120.78092,14.82026],[120.78092,14.81973],[120.78065,14.81973],[120.78065,14.81919],[120.78038,14.81919],[120.78038,14.81892],[120.77957,14.81892],[120.77957,14.81919],[120.7793,14.81919],[120.7793,14.81946],[120.77823,14.81946],[120.77823,14.81919],[120.77796,14.81919],[120.77796,14.81892],[120.77769,14.81892],[120.77769,14.81865],[120.77742,14.81865],[120.77742,14.81811],[120.77769,14.81811],[120.77769,14.81784],[120.77796,14.81784],[120.77796,14.81757],[120.77823,14.81757],[120.77823,14.8173],[120.7785,14.8173],[120.7785,14.81703],[120.77877,14.81703],[120.77877,14.81676],[120.7793,14.81676],[120.7793,14.81622],[120.77957,14.81622],[120.77957,14.81595],[120.78011,14.81595],[120.78011,14.81568],[120.78038,14.81568],[120.78038,14.81487],[120.78011,14.81487],[120.78011,14.81434],[120.77904,14.81434],[120.77904,14.81407],[120.77823,14.81407],[120.77823,14.81461],[120.77796,14.81461],[120.77796,14.81487],[120.77769,14.81487],[120.77769,14.81434],[120.77742,14.81434],[120.77742,14.81218],[120.77715,14.81218],[120.77715,14.81191],[120.77607,14.81191],[120.77607,14.81137],[120.77634,14.81137],[120.77634,14.8111],[120.77661,14.8111],[120.77661,14.81083],[120.77688,14.81083],[120.77688,14.81056],[120.77742,14.81056],[120.77742,14.81029],[120.77769,14.81029],[120.77769,14.81056],[120.77796,14.81056],[120.77796,14.81029],[120.77823,14.81029],[120.77823,14.80949],[120.77715,14.80949],[120.77715,14.80922],[120.77661,14.80922],[120.77661,14.80895],[120.77634,14.80895],[120.77634,14.80868],[120.77661,14.80868],[120.77661,14.80841],[120.77688,14.80841],[120.77688,14.80787],[120.77742,14.80787],[120.77742,14.8076],[120.77796,14.8076],[120.77796,14.80787],[120.77904,14.80787],[120.77904,14.80733],[120.77877,14.80733],[120.77877,14.80706],[120.7785,14.80706],[120.7785,14.80679],[120.77823,14.80679],[120.77823,14.80652],[120.77877,14.80652],[120.77877,14.80625],[120.77904,14.80625],[120.77904,14.80598],[120.77877,14.80598],[120.77877,14.80571],[120.7785,14.80571],[120.7785,14.8049],[120.77823,14.8049],[120.77823,14.80437],[120.77877,14.80437],[120.77877,14.8041],[120.77957,14.8041],[120.77957,14.80383],[120.78038,14.80383],[120.78038,14.80356],[120.78119,14.80356],[120.78119,14.80437],[120.78092,14.80437],[120.78092,14.80463],[120.78011,14.80463],[120.78011,14.8049],[120.77984,14.8049],[120.77984,14.80598],[120.78011,14.80598],[120.78011,14.80679],[120.78038,14.80679],[120.78038,14.80733],[120.78119,14.80733],[120.78119,14.8076],[120.78173,14.8076],[120.78173,14.80787],[120.78227,14.80787],[120.78227,14.80814],[120.78254,14.80814],[120.78254,14.80868],[120.78227,14.80868],[120.78227,14.80895],[120.78173,14.80895],[120.78173,14.80868],[120.78119,14.80868],[120.78119,14.80841],[120.77957,14.80841],[120.77957,14.80814],[120.77904,14.80814],[120.77904,14.80841],[120.77877,14.80841],[120.77877,14.80895],[120.7793,14.80895],[120.7793,14.80922],[120.77984,14.80922],[120.77984,14.80949],[120.78065,14.80949],[120.78065,14.80975],[120.78119,14.80975],[120.78119,14.81029],[120.78038,14.81029],[120.78038,14.81056],[120.78065,14.81056],[120.78065,14.81083],[120.78092,14.81083],[120.78092,14.8111],[120.78146,14.8111],[120.78146,14.81191],[120.78173,14.81191],[120.78173,14.81218],[120.78146,14.81218],[120.78146,14.81245],[120.782,14.81245],[120.782,14.81272],[120.78227,14.81272],[120.78227,14.81353],[120.782,14.81353],[120.782,14.8138],[120.78146,14.8138],[120.78146,14.81434],[120.782,14.81434],[120.782,14.81461],[120.78254,14.81461],[120.78254,14.81487],[120.78308,14.81487],[120.78308,14.81568],[120.78335,14.81568],[120.78335,14.81622],[120.78416,14.81622],[120.78416,14.81676],[120.78389,14.81676],[120.78389,14.81703],[120.78442,14.81703],[120.78442,14.8173],[120.78416,14.8173],[120.78416,14.81757],[120.78362,14.81757],[120.78362,14.81784],[120.78281,14.81784],[120.78281,14.81838],[120.78308,14.81838],[120.78308,14.81865],[120.78335,14.81865],[120.78335,14.81892],[120.78389,14.81892],[120.78389,14.81919],[120.78416,14.81919],[120.78416,14.81946],[120.78496,14.81946],[120.78496,14.81919],[120.78523,14.81919],[120.78523,14.81973],[120.78577,14.81973],[120.78577,14.81946],[120.78604,14.81946],[120.78604,14.81892],[120.78577,14.81892],[120.78577,14.81919],[120.7855,14.81919],[120.7855,14.81838],[120.78523,14.81838],[120.78523,14.81784],[120.7855,14.81784],[120.7855,14.81757],[120.78577,14.81757],[120.78577,14.81784],[120.78631,14.81784],[120.78631,14.81811],[120.78685,14.81811],[120.78685,14.81838],[120.78712,14.81838],[120.78712,14.81865],[120.78685,14.81865],[120.78685,14.81892],[120.78793,14.81892],[120.78793,14.81946],[120.7882,14.81946],[120.7882,14.82053],[120.78793,14.82053],[120.78793,14.8208],[120.78739,14.8208],[120.78739,14.82107],[120.78604,14.82107],[120.78604,14.8208],[120.7855,14.8208],[120.7855,14.82134],[120.78523,14.82134],[120.78523,14.82161],[120.7855,14.82161],[120.7855,14.82188],[120.78523,14.82188],[120.78523,14.82215],[120.78496,14.82215],[120.78496,14.82188],[120.78389,14.82188],[120.78389,14.82161],[120.78362,14.82161],[120.78362,14.82107],[120.78335,14.82107],[120.78335,14.8208],[120.78281,14.8208],[120.78281,14.82053],[120.78146,14.82053],[120.78146,14.8208],[120.78227,14.8208],[120.78227,14.82107],[120.78254,14.82107],[120.78254,14.82134],[120.78281,14.82134],[120.78281,14.82161],[120.78335,14.82161],[120.78335,14.82188],[120.78281,14.82188],[120.78281,14.82215],[120.78254,14.82215],[120.78254,14.82188],[120.78227,14.82188],[120.78227,14.82161],[120.78092,14.82161],[120.78092,14.82134],[120.77984,14.82134],[120.77984,14.82161],[120.77957,14.82161],[120.77957,14.82188],[120.78065,14.82188],[120.78065,14.82215],[120.78092,14.82215],[120.78092,14.82242],[120.78065,14.82242],[120.78065,14.82296],[120.78038,14.82296],[120.78038,14.82323],[120.78011,14.82323],[120.78011,14.82431],[120.78038,14.82431],[120.78038,14.82538],[120.78011,14.82538],[120.78011,14.82646],[120.77823,14.82646]],[[120.78389,14.82134],[120.78442,14.82134],[120.78442,14.82107],[120.78389,14.82107],[120.78389,14.82134]],[[120.78281,14.82053],[120.78308,14.82053],[120.78308,14.82026],[120.78281,14.82026],[120.78281,14.82053]],[[120.78469,14.82053],[120.78496,14.82053],[120.78496,14.81999],[120.78469,14.81999],[120.78469,14.82053]],[[120.7855,14.82053],[120.78604,14.82053],[120.78604,14.82026],[120.7855,14.82026],[120.7855,14.82053]],[[120.78766,14.82053],[120.78793,14.82053],[120.78793,14.82026],[120.78766,14.82026],[120.78766,14.82053]],[[120.78523,14.82026],[120.7855,14.82026],[120.7855,14.81999],[120.78523,14.81999],[120.78523,14.82026]],[[120.78496,14.81999],[120.78523,14.81999],[120.78523,14.81973],[120.78496,14.81973],[120.78496,14.81999]],[[120.78011,14.8173],[120.78038,14.8173],[120.78038,14.81703],[120.78011,14.81703],[120.78011,14.8173]]]}},{"type":"Feature","properties":{},"geometry":{"type":"Polygon","coordinates":[[[120.77445,14.8076],[120.77445,14.80733],[120.77418,14.80733],[120.77418,14.80356],[120.77445,14.80356],[120.77445,14.80329],[120.77499,14.80329],[120.77499,14.80356],[120.77526,14.80356],[120.77526,14.8041],[120.77499,14.8041],[120.77499,14.80463],[120.77472,14.80463],[120.77472,14.80517],[120.77499,14.80517],[120.77499,14.80571],[120.77472,14.80571],[120.77472,14.8076],[120.77445,14.8076]]]}},{"type":"Feature","properties":{},"geometry":{"type":"Polygon","coordinates":[[[120.78523,14.80625],[120.78523,14.80571],[120.78496,14.80571],[120.78496,14.80383],[120.78523,14.80383],[120.78523,14.80329],[120.78577,14.80329],[120.78577,14.80544],[120.78604,14.80544],[120.78604,14.80517],[120.78712,14.80517],[120.78712,14.80544],[120.78739,14.80544],[120.78739,14.80517],[120.78793,14.80517],[120.78793,14.80544],[120.78847,14.80544],[120.78847,14.80598],[120.78685,14.80598],[120.78685,14.80571],[120.7855,14.80571],[120.7855,14.80625],[120.78523,14.80625]]]}},{"type":"Feature","properties":{},"geometry":{"type":"Polygon","coordinates":[[[120.82808,14.8041],[120.82808,14.80383],[120.82889,14.80383],[120.82889,14.80356],[120.82996,14.80356],[120.82996,14.80329],[120.8305,14.80329],[120.8305,14.80383],[120.82943,14.80383],[120.82943,14.8041],[120.82808,14.8041]]]}},{"type":"Feature","properties":{},"geometry":{"type":"Polygon","coordinates":[[[120.84694,14.8049],[120.84694,14.80383],[120.84721,14.80383],[120.84721,14.80302],[120.84748,14.80302],[120.84748,14.80463],[120.84721,14.80463],[120.84721,14.8049],[120.84694,14.8049]]]}},{"type":"Feature","properties":{},"geometry":{"type":"Polygon","coordinates":[[[120.84748,14.80302],[120.84748,14.80275],[120.84775,14.80275],[120.84775,14.80302],[120.84748,14.80302]]]}},{"type":"Feature","properties":{},"geometry":{"type":"Polygon","coordinates":[[[120.84775,14.80275],[120.84775,14.80248],[120.84802,14.80248],[120.84802,14.80275],[120.84775,14.80275]]]}},{"type":"Feature","properties":{},"geometry":{"type":"Polygon","coordinates":[[[120.90461,14.80275],[120.90461,14.80248],[120.90488,14.80248],[120.90488,14.80275],[120.90461,14.80275]]]}},{"type":"Feature","properties":{},"geometry":{"type":"Polygon","coordinates":[[[120.84802,14.80248],[120.84802,14.80221],[120.84856,14.80221],[120.84856,14.80248],[120.84802,14.80248]]]}},{"type":"Feature","properties":{},"geometry":{"type":"Polygon","coordinates":[[[120.9011,14.80248],[120.9011,14.80221],[120.90137,14.80221],[120.90137,14.80248],[120.9011,14.80248]]]}},{"type":"Feature","properties":{},"geometry":{"type":"Polygon","coordinates":[[[120.76179,14.80302],[120.76179,14.80248],[120.7626,14.80248],[120.7626,14.80221],[120.76421,14.80221],[120.76421,14.80194],[120.76637,14.80194],[120.76637,14.80221],[120.7661,14.80221],[120.7661,14.80248],[120.76502,14.80248],[120.76502,14.80275],[120.7626,14.80275],[120.7626,14.80302],[120.76179,14.80302]]]}},{"type":"Feature","properties":{},"geometry":{"type":"Polygon","coordinates":[[[120.80679,14.80221],[120.80679,14.80194],[120.80706,14.80194],[120.80706,14.80221],[120.80679,14.80221]]]}},{"type":"Feature","properties":{},"geometry":{"type":"Polygon","coordinates":[[[120.90515,14.80248],[120.90515,14.80194],[120.90542,14.80194],[120.90542,14.80167],[120.90569,14.80167],[120.90569,14.80248],[120.90515,14.80248]]]}},{"type":"Feature","properties":{},"geometry":{"type":"Polygon","coordinates":[[[120.8305,14.80329],[120.8305,14.80302],[120.83077,14.80302],[120.83077,14.80275],[120.83185,14.80275],[120.83185,14.80248],[120.83239,14.80248],[120.83239,14.80221],[120.83266,14.80221],[120.83266,14.80194],[120.83293,14.80194],[120.83293,14.8014],[120.8332,14.8014],[120.8332,14.80167],[120.83347,14.80167],[120.83347,14.80194],[120.8332,14.80194],[120.8332,14.80221],[120.83293,14.80221],[120.83293,14.80248],[120.83266,14.80248],[120.83266,14.80275],[120.83212,14.80275],[120.83212,14.80302],[120.83131,14.80302],[120.83131,14.80329],[120.8305,14.80329]]]}},{"type":"Feature","properties":{},"geometry":{"type":"Polygon","coordinates":[[[120.7661,14.80167],[120.7661,14.8014],[120.76637,14.8014],[120.76637,14.80167],[120.7661,14.80167]]]}},{"type":"Feature","properties":{},"geometry":{"type":"Polygon","coordinates":[[[120.7979,14.80194],[120.7979,14.80113],[120.79817,14.80113],[120.79817,14.80194],[120.7979,14.80194]]]}},{"type":"Feature","properties":{},"geometry":{"type":"Polygon","coordinates":[[[120.88817,14.80167],[120.88817,14.80086],[120.88844,14.80086],[120.88844,14.80167],[120.88817,14.80167]]]}},{"type":"Feature","properties":{},"geometry":{"type":"Polygon","coordinates":[[[120.7979,14.80059],[120.7979,14.80032],[120.79817,14.80032],[120.79817,14.80059],[120.7979,14.80059]]]}},{"type":"Feature","properties":{},"geometry":{"type":"Polygon","coordinates":[[[120.84802,14.80113],[120.84802,14.80086],[120.84775,14.80086],[120.84775,14.80059],[120.84748,14.80059],[120.84748,14.80032],[120.84802,14.80032],[120.84802,14.80059],[120.84829,14.80059],[120.84829,14.80086],[120.84856,14.80086],[120.84856,14.80113],[120.84802,14.80113]]]}},{"type":"Feature","properties":{},"geometry":{"type":"Polygon","coordinates":[[[120.90434,14.80059],[120.90434,14.80005],[120.90461,14.80005],[120.90461,14.80032],[120.90488,14.80032],[120.90488,14.80059],[120.90434,14.80059]]]}},{"type":"Feature","properties":{},"geometry":{"type":"Polygon","coordinates":[[[120.84694,14.80032],[120.84694,14.80005],[120.84748,14.80005],[120.84748,14.80032],[120.84694,14.80032]]]}},{"type":"Feature","properties":{},"geometry":{"type":"Polygon","coordinates":[[[120.90407,14.80005],[120.90407,14.79978],[120.90434,14.79978],[120.90434,14.80005],[120.90407,14.80005]]]}},{"type":"Feature","properties":{},"geometry":{"type":"Polygon","coordinates":[[[120.76583,14.80086],[120.76583,14.80059],[120.76556,14.80059],[120.76556,14.80032],[120.76529,14.80032],[120.76529,14.79951],[120.76556,14.79951],[120.76556,14.79978],[120.76583,14.79978],[120.76583,14.80005],[120.7661,14.80005],[120.7661,14.80059],[120.76637,14.80059],[120.76637,14.80086],[120.76583,14.80086]]]}},{"type":"Feature","properties":{},"geometry":{"type":"Polygon","coordinates":[[[120.78658,14.8014],[120.78658,14.79951],[120.78685,14.79951],[120.78685,14.79925],[120.78739,14.79925],[120.78739,14.79978],[120.78712,14.79978],[120.78712,14.8014],[120.78658,14.8014]]]}},{"type":"Feature","properties":{},"geometry":{"type":"Polygon","coordinates":[[[120.79898,14.80005],[120.79898,14.79925],[120.79925,14.79925],[120.79925,14.79951],[120.79951,14.79951],[120.79951,14.79978],[120.79925,14.79978],[120.79925,14.80005],[120.79898,14.80005]]]}},{"type":"Feature","properties":{},"geometry":{"type":"Polygon","coordinates":[[[120.84694,14.79951],[120.84694,14.79898],[120.84721,14.79898],[120.84721,14.79951],[120.84694,14.79951]]]}},{"type":"Feature","properties":{},"geometry":{"type":"Polygon","coordinates":[[[120.88817,14.79925],[120.88817,14.79898],[120.88871,14.79898],[120.88871,14.79925],[120.88817,14.79925]]]}},{"type":"Feature","properties":{},"geometry":{"type":"Polygon","coordinates":[[[120.74077,14.79925],[120.74077,14.79871],[120.74104,14.79871],[120.74104,14.79898],[120.74131,14.79898],[120.74131,14.79925],[120.74077,14.79925]]]}},{"type":"Feature","properties":{},"geometry":{"type":"Polygon","coordinates":[[[120.79925,14.79898],[120.79925,14.79871],[120.79951,14.79871],[120.79951,14.79898],[120.79925,14.79898]]]}},{"type":"Feature","properties":{},"geometry":{"type":"Polygon","coordinates":[[[120.82862,14.79898],[120.82862,14.79871],[120.82889,14.79871],[120.82889,14.79898],[120.82862,14.79898]]]}},{"type":"Feature","properties":{},"geometry":{"type":"Polygon","coordinates":[[[120.88763,14.79898],[120.88763,14.79871],[120.88817,14.79871],[120.88817,14.79898],[120.88763,14.79898]]]}},{"type":"Feature","properties":{},"geometry":{"type":"Polygon","coordinates":[[[120.9038,14.79978],[120.9038,14.79951],[120.90353,14.79951],[120.90353,14.79925],[120.90326,14.79925],[120.90326,14.79898],[120.90272,14.79898],[120.90272,14.79871],[120.90245,14.79871],[120.90245,14.79844],[120.90299,14.79844],[120.90299,14.79871],[120.90353,14.79871],[120.90353,14.79898],[120.9038,14.79898],[120.9038,14.79925],[120.90407,14.79925],[120.90407,14.79978],[120.9038,14.79978]]]}},{"type":"Feature","properties":{},"geometry":{"type":"Polygon","coordinates":[[[120.84721,14.79871],[120.84721,14.79817],[120.84748,14.79817],[120.84748,14.79844],[120.84775,14.79844],[120.84775,14.79871],[120.84721,14.79871]]]}},{"type":"Feature","properties":{},"geometry":{"type":"Polygon","coordinates":[[[120.89598,14.79871],[120.89598,14.7979],[120.89652,14.7979],[120.89652,14.79817],[120.89679,14.79817],[120.89679,14.79844],[120.89625,14.79844],[120.89625,14.79871],[120.89598,14.79871]]]}},{"type":"Feature","properties":{},"geometry":{"type":"Polygon","coordinates":[[[120.80005,14.79844],[120.80005,14.7979],[120.80032,14.7979],[120.80032,14.79844],[120.80005,14.79844]]]}},{"type":"Feature","properties":{},"geometry":{"type":"Polygon","coordinates":[[[120.82377,14.79844],[120.82377,14.7979],[120.82404,14.7979],[120.82404,14.79844],[120.82377,14.79844]]]}},{"type":"Feature","properties":{},"geometry":{"type":"Polygon","coordinates":[[[120.84748,14.79817],[120.84748,14.7979],[120.84829,14.7979],[120.84829,14.79817],[120.84748,14.79817]]]}},{"type":"Feature","properties":{},"geometry":{"type":"Polygon","coordinates":[[[120.9011,14.79844],[120.9011,14.79817],[120.90084,14.79817],[120.90084,14.7979],[120.90164,14.7979],[120.90164,14.79817],[120.90245,14.79817],[120.90245,14.79844],[120.9011,14.79844]]]}},{"type":"Feature","properties":{},"geometry":{"type":"Polygon","coordinates":[[[120.82889,14.79871],[120.82889,14.7979],[120.82916,14.7979],[120.82916,14.79763],[120.82943,14.79763],[120.82943,14.79736],[120.82996,14.79736],[120.82996,14.79763],[120.8297,14.79763],[120.8297,14.79817],[120.82943,14.79817],[120.82943,14.79844],[120.82916,14.79844],[120.82916,14.79871],[120.82889,14.79871]]]}},{"type":"Feature","properties":{},"geometry":{"type":"Polygon","coordinates":[[[120.91027,14.79844],[120.91027,14.79817],[120.91,14.79817],[120.91,14.79763],[120.91027,14.79763],[120.91027,14.79736],[120.91054,14.79736],[120.91054,14.79844],[120.91027,14.79844]]]}},{"type":"Feature","properties":{},"geometry":{"type":"Polygon","coordinates":[[[120.75909,14.7979],[120.75909,14.79763],[120.75883,14.79763],[120.75883,14.79736],[120.75936,14.79736],[120.75936,14.7979],[120.75909,14.7979]]]}},{"type":"Feature","properties":{},"geometry":{"type":"Polygon","coordinates":[[[120.84991,14.79736],[120.84991,14.79709],[120.85018,14.79709],[120.85018,14.79736],[120.84991,14.79736]]]}},{"type":"Feature","properties":{},"geometry":{"type":"Polygon","coordinates":[[[120.89733,14.79736],[120.89733,14.79709],[120.89787,14.79709],[120.89787,14.79736],[120.89733,14.79736]]]}},{"type":"Feature","properties":{},"geometry":{"type":"Polygon","coordinates":[[[120.89113,14.79763],[120.89113,14.79736],[120.89086,14.79736],[120.89086,14.79682],[120.89113,14.79682],[120.89113,14.79709],[120.8914,14.79709],[120.8914,14.79763],[120.89113,14.79763]]]}},{"type":"Feature","properties":{},"geometry":{"type":"Polygon","coordinates":[[[120.80032,14.79709],[120.80032,14.79682],[120.80059,14.79682],[120.80059,14.79709],[120.80032,14.79709]]]}},{"type":"Feature","properties":{},"geometry":{"type":"Polygon","coordinates":[[[120.85018,14.79709],[120.85018,14.79655],[120.85044,14.79655],[120.85044,14.79709],[120.85018,14.79709]]]}},{"type":"Feature","properties":{},"geometry":{"type":"Polygon","coordinates":[[[120.8235,14.79763],[120.8235,14.79736],[120.82323,14.79736],[120.82323,14.79628],[120.8235,14.79628],[120.8235,14.79709],[120.82377,14.79709],[120.82377,14.79763],[120.8235,14.79763]]]}},{"type":"Feature","properties":{},"geometry":{"type":"Polygon","coordinates":[[[120.89033,14.79709],[120.89033,14.79601],[120.8906,14.79601],[120.8906,14.79709],[120.89033,14.79709]]]}},{"type":"Feature","properties":{},"geometry":{"type":"Polygon","coordinates":[[[120.80005,14.79682],[120.80005,14.79628],[120.79978,14.79628],[120.79978,14.79601],[120.79951,14.79601],[120.79951,14.79574],[120.80005,14.79574],[120.80005,14.79601],[120.80032,14.79601],[120.80032,14.79682],[120.80005,14.79682]]]}},{"type":"Feature","properties":{},"geometry":{"type":"Polygon","coordinates":[[[120.79871,14.79547],[120.79871,14.7952],[120.79898,14.7952],[120.79898,14.79547],[120.79871,14.79547]]]}},{"type":"Feature","properties":{},"geometry":{"type":"Polygon","coordinates":[[[120.79413,14.79547],[120.79413,14.79493],[120.79466,14.79493],[120.79466,14.7952],[120.7944,14.7952],[120.7944,14.79547],[120.79413,14.79547]]]}},{"type":"Feature","properties":{},"geometry":{"type":"Polygon","coordinates":[[[120.79332,14.79817],[120.79332,14.7979],[120.79224,14.7979],[120.79224,14.79763],[120.79386,14.79763],[120.79386,14.7979],[120.79413,14.7979],[120.79413,14.79763],[120.7944,14.79763],[120.7944,14.79709],[120.79466,14.79709],[120.79466,14.79682],[120.79386,14.79682],[120.79386,14.79655],[120.79359,14.79655],[120.79359,14.79628],[120.79305,14.79628],[120.79305,14.79601],[120.79359,14.79601],[120.79359,14.79574],[120.79332,14.79574],[120.79332,14.79547],[120.79278,14.79547],[120.79278,14.7952],[120.79251,14.7952],[120.79251,14.79493],[120.79359,14.79493],[120.79359,14.79547],[120.79386,14.79547],[120.79386,14.79628],[120.79413,14.79628],[120.79413,14.79655],[120.7944,14.79655],[120.7944,14.79628],[120.79493,14.79628],[120.79493,14.79709],[120.7952,14.79709],[120.7952,14.7979],[120.79493,14.7979],[120.79493,14.79817],[120.79332,14.79817]]]}},{"type":"Feature","properties":{},"geometry":{"type":"Polygon","coordinates":[[[120.89572,14.7952],[120.89572,14.79493],[120.89625,14.79493],[120.89625,14.7952],[120.89572,14.7952]]]}},{"type":"Feature","properties":{},"geometry":{"type":"Polygon","coordinates":[[[120.89625,14.79493],[120.89625,14.79466],[120.89652,14.79466],[120.89652,14.79493],[120.89625,14.79493]]]}},{"type":"Feature","properties":{},"geometry":{"type":"Polygon","coordinates":[[[120.89006,14.79547],[120.89006,14.79493],[120.88952,14.79493],[120.88952,14.79466],[120.88979,14.79466],[120.88979,14.7944],[120.89033,14.7944],[120.89033,14.79547],[120.89006,14.79547]]]}},{"type":"Feature","properties":{},"geometry":{"type":"Polygon","coordinates":[[[120.89086,14.79493],[120.89086,14.7944],[120.89113,14.7944],[120.89113,14.79493],[120.89086,14.79493]]]}},{"type":"Feature","properties":{},"geometry":{"type":"Polygon","coordinates":[[[120.79493,14.79466],[120.79493,14.7944],[120.7952,14.7944],[120.7952,14.79466],[120.79493,14.79466]]]}},{"type":"Feature","properties":{},"geometry":{"type":"Polygon","coordinates":[[[120.79736,14.79466],[120.79736,14.7944],[120.79574,14.7944],[120.79574,14.79413],[120.79763,14.79413],[120.79763,14.7944],[120.7979,14.7944],[120.7979,14.79466],[120.79736,14.79466]]]}},{"type":"Feature","properties":{},"geometry":{"type":"Polygon","coordinates":[[[120.85233,14.79386],[120.85233,14.79359],[120.85314,14.79359],[120.85314,14.79386],[120.85233,14.79386]]]}},{"type":"Feature","properties":{},"geometry":{"type":"Polygon","coordinates":[[[120.84559,14.79359],[120.84559,14.79332],[120.84586,14.79332],[120.84586,14.79359],[120.84559,14.79359]]]}},{"type":"Feature","properties":{},"geometry":{"type":"Polygon","coordinates":[[[120.85422,14.79359],[120.85422,14.79332],[120.85449,14.79332],[120.85449,14.79359],[120.85422,14.79359]]]}},{"type":"Feature","properties":{},"geometry":{"type":"Polygon","coordinates":[[[120.85341,14.79386],[120.85341,14.79359],[120.85314,14.79359],[120.85314,14.79332],[120.85341,14.79332],[120.85341,14.79305],[120.85368,14.79305],[120.85368,14.79359],[120.85422,14.79359],[120.85422,14.79386],[120.85341,14.79386]]]}},{"type":"Feature","properties":{},"geometry":{"type":"Polygon","coordinates":[[[120.84964,14.79601],[120.84964,14.79574],[120.84883,14.79574],[120.84883,14.79547],[120.84856,14.79547],[120.84856,14.7952],[120.84829,14.7952],[120.84829,14.79493],[120.84802,14.79493],[120.84802,14.7944],[120.84775,14.7944],[120.84775,14.79386],[120.84748,14.79386],[120.84748,14.79359],[120.84667,14.79359],[120.84667,14.79332],[120.84586,14.79332],[120.84586,14.79305],[120.84721,14.79305],[120.84721,14.79332],[120.84775,14.79332],[120.84775,14.79305],[120.84802,14.79305],[120.84802,14.79413],[120.84829,14.79413],[120.84829,14.7944],[120.84856,14.7944],[120.84856,14.79493],[120.84883,14.79493],[120.84883,14.7952],[120.8491,14.7952],[120.8491,14.79386],[120.84937,14.79386],[120.84937,14.79359],[120.84964,14.79359],[120.84964,14.79386],[120.85044,14.79386],[120.85044,14.79413],[120.84937,14.79413],[120.84937,14.7952],[120.84964,14.7952],[120.84964,14.79547],[120.84991,14.79547],[120.84991,14.79601],[120.84964,14.79601]]]}},{"type":"Feature","properties":{},"geometry":{"type":"Polygon","coordinates":[[[120.85503,14.79332],[120.85503,14.79305],[120.8561,14.79305],[120.8561,14.79332],[120.85503,14.79332]]]}},{"type":"Feature","properties":{},"geometry":{"type":"Polygon","coordinates":[[[120.89464,14.79359],[120.89464,14.79332],[120.8941,14.79332],[120.8941,14.79305],[120.89383,14.79305],[120.89383,14.79278],[120.89437,14.79278],[120.89437,14.79305],[120.89491,14.79305],[120.89491,14.79332],[120.89518,14.79332],[120.89518,14.79359],[120.89464,14.79359]]]}},{"type":"Feature","properties":{},"geometry":{"type":"Polygon","coordinates":[[[120.76017,14.79305],[120.76017,14.79251],[120.76044,14.79251],[120.76044,14.79305],[120.76017,14.79305]]]}},{"type":"Feature","properties":{},"geometry":{"type":"Polygon","coordinates":[[[120.89113,14.7944],[120.89113,14.79359],[120.8914,14.79359],[120.8914,14.79332],[120.89167,14.79332],[120.89167,14.79278],[120.89194,14.79278],[120.89194,14.79251],[120.89221,14.79251],[120.89221,14.79224],[120.89248,14.79224],[120.89248,14.79197],[120.89329,14.79197],[120.89329,14.79224],[120.89356,14.79224],[120.89356,14.79251],[120.89383,14.79251],[120.89383,14.79278],[120.89221,14.79278],[120.89221,14.79305],[120.89194,14.79305],[120.89194,14.79359],[120.89167,14.79359],[120.89167,14.7944],[120.89113,14.7944]]]}},{"type":"Feature","properties":{},"geometry":{"type":"Polygon","coordinates":[[[120.91512,14.79251],[120.91512,14.79197],[120.91539,14.79197],[120.91539,14.79251],[120.91512,14.79251]]]}},{"type":"Feature","properties":{},"geometry":{"type":"Polygon","coordinates":[[[120.75856,14.79224],[120.75856,14.79197],[120.75883,14.79197],[120.75883,14.79224],[120.75856,14.79224]]]}},{"type":"Feature","properties":{},"geometry":{"type":"Polygon","coordinates":[[[120.91485,14.79197],[120.91485,14.7917],[120.91512,14.7917],[120.91512,14.79197],[120.91485,14.79197]]]}},{"type":"Feature","properties":{},"geometry":{"type":"Polygon","coordinates":[[[120.91485,14.79089],[120.91485,14.79062],[120.91539,14.79062],[120.91539,14.79089],[120.91485,14.79089]]]}},{"type":"Feature","properties":{},"geometry":{"type":"Polygon","coordinates":[[[120.91242,14.79062],[120.91242,14.79035],[120.91269,14.79035],[120.91269,14.79062],[120.91242,14.79062]]]}},{"type":"Feature","properties":{},"geometry":{"type":"Polygon","coordinates":[[[120.91458,14.79062],[120.91458,14.79035],[120.91485,14.79035],[120.91485,14.79062],[120.91458,14.79062]]]}},{"type":"Feature","properties":{},"geometry":{"type":"Polygon","coordinates":[[[120.91269,14.79035],[120.91269,14.79008],[120.91296,14.79008],[120.91296,14.79035],[120.91269,14.79035]]]}},{"type":"Feature","properties":{},"geometry":{"type":"Polygon","coordinates":[[[120.75883,14.7882],[120.75883,14.78793],[120.75802,14.78793],[120.75802,14.78766],[120.75721,14.78766],[120.75721,14.78712],[120.75748,14.78712],[120.75748,14.78739],[120.75775,14.78739],[120.75775,14.78712],[120.75936,14.78712],[120.75936,14.78739],[120.76017,14.78739],[120.76017,14.7882],[120.75883,14.7882]]]}},{"type":"Feature","properties":{},"geometry":{"type":"Polygon","coordinates":[[[120.90811,14.78766],[120.90811,14.78739],[120.90784,14.78739],[120.90784,14.78712],[120.90865,14.78712],[120.90865,14.78739],[120.90838,14.78739],[120.90838,14.78766],[120.90811,14.78766]]]}},{"type":"Feature","properties":{},"geometry":{"type":"Polygon","coordinates":[[[120.90838,14.78793],[120.90838,14.78766],[120.90865,14.78766],[120.90865,14.78739],[120.90919,14.78739],[120.90919,14.78712],[120.90946,14.78712],[120.90946,14.78685],[120.91027,14.78685],[120.91027,14.78712],[120.91,14.78712],[120.91,14.78739],[120.90946,14.78739],[120.90946,14.78793],[120.90838,14.78793]]]}},{"type":"Feature","properties":{},"geometry":{"type":"Polygon","coordinates":[[[120.91377,14.79035],[120.91377,14.79008],[120.91323,14.79008],[120.91323,14.78981],[120.9135,14.78981],[120.9135,14.78954],[120.91377,14.78954],[120.91377,14.78874],[120.91404,14.78874],[120.91404,14.78847],[120.91431,14.78847],[120.91431,14.7882],[120.91458,14.7882],[120.91458,14.78766],[120.91485,14.78766],[120.91485,14.78739],[120.91512,14.78739],[120.91512,14.78712],[120.91485,14.78712],[120.91485,14.78685],[120.91539,14.78685],[120.91539,14.78712],[120.91566,14.78712],[120.91566,14.78739],[120.91593,14.78739],[120.91593,14.78793],[120.91566,14.78793],[120.91566,14.7882],[120.91539,14.7882],[120.91539,14.78847],[120.91485,14.78847],[120.91485,14.78928],[120.91458,14.78928],[120.91458,14.78954],[120.91431,14.78954],[120.91431,14.79008],[120.91458,14.79008],[120.91458,14.79035],[120.91377,14.79035]]]}},{"type":"Feature","properties":{},"geometry":{"type":"Polygon","coordinates":[[[120.90784,14.78685],[120.90784,14.78658],[120.90811,14.78658],[120.90811,14.78685],[120.90784,14.78685]]]}},{"type":"Feature","properties":{},"geometry":{"type":"Polygon","coordinates":[[[120.91027,14.78685],[120.91027,14.78658],[120.91134,14.78658],[120.91134,14.78685],[120.91027,14.78685]]]}},{"type":"Feature","properties":{},"geometry":{"type":"Polygon","coordinates":[[[120.91458,14.78685],[120.91458,14.78658],[120.91485,14.78658],[120.91485,14.78685],[120.91458,14.78685]]]}},{"type":"Feature","properties":{},"geometry":{"type":"Polygon","coordinates":[[[120.63622,14.78954],[120.63622,14.78928],[120.63541,14.78928],[120.63541,14.78901],[120.63595,14.78901],[120.63595,14.78874],[120.63622,14.78874],[120.63622,14.78847],[120.63649,14.78847],[120.63649,14.78766],[120.63676,14.78766],[120.63676,14.78685],[120.63703,14.78685],[120.63703,14.78631],[120.63729,14.78631],[120.63729,14.78901],[120.63703,14.78901],[120.63703,14.78954],[120.63622,14.78954]]]}},{"type":"Feature","properties":{},"geometry":{"type":"Polygon","coordinates":[[[120.91269,14.78685],[120.91269,14.78631],[120.91323,14.78631],[120.91323,14.78685],[120.91269,14.78685]]]}},{"type":"Feature","properties":{},"geometry":{"type":"Polygon","coordinates":[[[120.64484,14.78631],[120.64484,14.78604],[120.64538,14.78604],[120.64538,14.78631],[120.64484,14.78631]]]}},{"type":"Feature","properties":{},"geometry":{"type":"Polygon","coordinates":[[[120.75667,14.78631],[120.75667,14.78604],[120.75748,14.78604],[120.75748,14.78631],[120.75667,14.78631]]]}},{"type":"Feature","properties":{},"geometry":{"type":"Polygon","coordinates":[[[120.54675,14.78631],[120.54675,14.78577],[120.54702,14.78577],[120.54702,14.78604],[120.54729,14.78604],[120.54729,14.78631],[120.54675,14.78631]]]}},{"type":"Feature","properties":{},"geometry":{"type":"Polygon","coordinates":[[[120.63729,14.78631],[120.63729,14.7855],[120.63783,14.7855],[120.63783,14.78604],[120.63756,14.78604],[120.63756,14.78631],[120.63729,14.78631]]]}},{"type":"Feature","properties":{},"geometry":{"type":"Polygon","coordinates":[[[120.54594,14.78577],[120.54594,14.7855],[120.54648,14.7855],[120.54648,14.78577],[120.54594,14.78577]]]}},{"type":"Feature","properties":{},"geometry":{"type":"Polygon","coordinates":[[[120.76906,14.7855],[120.76906,14.78523],[120.77041,14.78523],[120.77041,14.7855],[120.76906,14.7855]]]}},{"type":"Feature","properties":{},"geometry":{"type":"Polygon","coordinates":[[[120.90811,14.78658],[120.90811,14.78577],[120.90838,14.78577],[120.90838,14.7855],[120.90865,14.7855],[120.90865,14.78523],[120.90919,14.78523],[120.90919,14.78496],[120.90946,14.78496],[120.90946,14.78469],[120.90973,14.78469],[120.90973,14.78523],[120.90946,14.78523],[120.90946,14.7855],[120.90919,14.7855],[120.90919,14.78577],[120.90892,14.78577],[120.90892,14.78604],[120.90838,14.78604],[120.90838,14.78658],[120.90811,14.78658]]]}},{"type":"Feature","properties":{},"geometry":{"type":"Polygon","coordinates":[[[120.90973,14.78469],[120.90973,14.78442],[120.91,14.78442],[120.91,14.78416],[120.91054,14.78416],[120.91054,14.78469],[120.90973,14.78469]]]}},{"type":"Feature","properties":{},"geometry":{"type":"Polygon","coordinates":[[[120.90784,14.78469],[120.90784,14.78442],[120.90703,14.78442],[120.90703,14.78389],[120.90892,14.78389],[120.90892,14.78362],[120.91,14.78362],[120.91,14.78416],[120.90946,14.78416],[120.90946,14.78389],[120.90919,14.78389],[120.90919,14.78416],[120.90892,14.78416],[120.90892,14.78442],[120.90838,14.78442],[120.90838,14.78469],[120.90784,14.78469]]]}},{"type":"Feature","properties":{},"geometry":{"type":"Polygon","coordinates":[[[120.84155,14.78119],[120.84155,14.78092],[120.84182,14.78092],[120.84182,14.78065],[120.84236,14.78065],[120.84236,14.78092],[120.84209,14.78092],[120.84209,14.78119],[120.84155,14.78119]]]}},{"type":"Feature","properties":{},"geometry":{"type":"Polygon","coordinates":[[[120.90703,14.78119],[120.90703,14.78065],[120.9073,14.78065],[120.9073,14.78119],[120.90703,14.78119]]]}},{"type":"Feature","properties":{},"geometry":{"type":"Polygon","coordinates":[[[120.8429,14.78038],[120.8429,14.78011],[120.84317,14.78011],[120.84317,14.78038],[120.8429,14.78038]]]}},{"type":"Feature","properties":{},"geometry":{"type":"Polygon","coordinates":[[[120.73323,14.78146],[120.73323,14.78011],[120.73376,14.78011],[120.73376,14.77984],[120.73403,14.77984],[120.73403,14.78011],[120.73484,14.78011],[120.73484,14.77984],[120.73538,14.77984],[120.73538,14.78011],[120.73511,14.78011],[120.73511,14.78038],[120.7343,14.78038],[120.7343,14.78065],[120.73376,14.78065],[120.73376,14.78146],[120.73323,14.78146]]]}},{"type":"Feature","properties":{},"geometry":{"type":"Polygon","coordinates":[[[120.9073,14.78038],[120.9073,14.77957],[120.90757,14.77957],[120.90757,14.78038],[120.9073,14.78038]]]}},{"type":"Feature","properties":{},"geometry":{"type":"Polygon","coordinates":[[[120.90757,14.77957],[120.90757,14.77904],[120.90784,14.77904],[120.90784,14.77957],[120.90757,14.77957]]]}},{"type":"Feature","properties":{},"geometry":{"type":"Polygon","coordinates":[[[120.88709,14.7785],[120.88709,14.77823],[120.88736,14.77823],[120.88736,14.77769],[120.88763,14.77769],[120.88763,14.7785],[120.88709,14.7785]]]}},{"type":"Feature","properties":{},"geometry":{"type":"Polygon","coordinates":[[[120.90569,14.78011],[120.90569,14.7793],[120.90596,14.7793],[120.90596,14.77823],[120.90622,14.77823],[120.90622,14.77769],[120.90649,14.77769],[120.90649,14.77688],[120.90676,14.77688],[120.90676,14.77796],[120.90649,14.77796],[120.90649,14.77957],[120.90622,14.77957],[120.90622,14.78011],[120.90569,14.78011]]]}},{"type":"Feature","properties":{},"geometry":{"type":"Polygon","coordinates":[[[120.88898,14.77715],[120.88898,14.77688],[120.88925,14.77688],[120.88925,14.77715],[120.88898,14.77715]]]}},{"type":"Feature","properties":{},"geometry":{"type":"Polygon","coordinates":[[[120.88763,14.77742],[120.88763,14.77661],[120.8879,14.77661],[120.8879,14.77634],[120.88817,14.77634],[120.88817,14.77688],[120.88871,14.77688],[120.88871,14.77715],[120.8879,14.77715],[120.8879,14.77742],[120.88763,14.77742]]]}},{"type":"Feature","properties":{},"geometry":{"type":"Polygon","coordinates":[[[120.74885,14.77661],[120.74885,14.77634],[120.74912,14.77634],[120.74912,14.77661],[120.74885,14.77661]]]}},{"type":"Feature","properties":{},"geometry":{"type":"Polygon","coordinates":[[[120.90676,14.77661],[120.90676,14.77634],[120.90703,14.77634],[120.90703,14.77661],[120.90676,14.77661]]]}},{"type":"Feature","properties":{},"geometry":{"type":"Polygon","coordinates":[[[120.88763,14.77634],[120.88763,14.7758],[120.8879,14.7758],[120.8879,14.77634],[120.88763,14.77634]]]}},{"type":"Feature","properties":{},"geometry":{"type":"Polygon","coordinates":[[[120.74912,14.77607],[120.74912,14.7758],[120.74966,14.7758],[120.74966,14.77607],[120.74912,14.77607]]]}},{"type":"Feature","properties":{},"geometry":{"type":"Polygon","coordinates":[[[120.89976,14.7758],[120.89976,14.77526],[120.90003,14.77526],[120.90003,14.7758],[120.89976,14.7758]]]}},{"type":"Feature","properties":{},"geometry":{"type":"Polygon","coordinates":[[[120.64646,14.77634],[120.64646,14.77607],[120.64673,14.77607],[120.64673,14.77526],[120.647,14.77526],[120.647,14.77392],[120.64726,14.77392],[120.64726,14.77634],[120.64646,14.77634]]]}},{"type":"Feature","properties":{},"geometry":{"type":"Polygon","coordinates":[[[120.64726,14.77392],[120.64726,14.77365],[120.64753,14.77365],[120.64753,14.77392],[120.64726,14.77392]]]}},{"type":"Feature","properties":{},"geometry":{"type":"Polygon","coordinates":[[[120.89221,14.77365],[120.89221,14.77338],[120.89248,14.77338],[120.89248,14.77365],[120.89221,14.77365]]]}},{"type":"Feature","properties":{},"geometry":{"type":"Polygon","coordinates":[[[120.91485,14.77499],[120.91485,14.77472],[120.91458,14.77472],[120.91458,14.77445],[120.91485,14.77445],[120.91485,14.77392],[120.91512,14.77392],[120.91512,14.77338],[120.91539,14.77338],[120.91539,14.77311],[120.91566,14.77311],[120.91566,14.77392],[120.91539,14.77392],[120.91539,14.77445],[120.91512,14.77445],[120.91512,14.77499],[120.91485,14.77499]]]}},{"type":"Feature","properties":{},"geometry":{"type":"Polygon","coordinates":[[[120.69281,14.77338],[120.69281,14.77311],[120.69254,14.77311],[120.69254,14.7723],[120.69307,14.7723],[120.69307,14.77257],[120.69334,14.77257],[120.69334,14.77338],[120.69281,14.77338]]]}},{"type":"Feature","properties":{},"geometry":{"type":"Polygon","coordinates":[[[120.65427,14.77203],[120.65427,14.77149],[120.65481,14.77149],[120.65481,14.77176],[120.65454,14.77176],[120.65454,14.77203],[120.65427,14.77203]]]}},{"type":"Feature","properties":{},"geometry":{"type":"Polygon","coordinates":[[[120.66316,14.77203],[120.66316,14.77176],[120.66262,14.77176],[120.66262,14.77149],[120.66343,14.77149],[120.66343,14.77203],[120.66316,14.77203]]]}},{"type":"Feature","properties":{},"geometry":{"type":"Polygon","coordinates":[[[120.66505,14.77203],[120.66505,14.77176],[120.66532,14.77176],[120.66532,14.77149],[120.66613,14.77149],[120.66613,14.77122],[120.66694,14.77122],[120.66694,14.77149],[120.6664,14.77149],[120.6664,14.77176],[120.66559,14.77176],[120.66559,14.77203],[120.66505,14.77203]]]}},{"type":"Feature","properties":{},"geometry":{"type":"Polygon","coordinates":[[[120.91512,14.77311],[120.91512,14.77284],[120.91485,14.77284],[120.91485,14.77257],[120.91431,14.77257],[120.91431,14.7723],[120.91377,14.7723],[120.91377,14.77149],[120.91404,14.77149],[120.91404,14.77095],[120.91431,14.77095],[120.91431,14.77176],[120.91458,14.77176],[120.91458,14.77203],[120.91485,14.77203],[120.91485,14.7723],[120.91512,14.7723],[120.91512,14.77257],[120.91539,14.77257],[120.91539,14.77311],[120.91512,14.77311]]]}},{"type":"Feature","properties":{},"geometry":{"type":"Polygon","coordinates":[[[120.83832,14.77122],[120.83832,14.77095],[120.83886,14.77095],[120.83886,14.77122],[120.83832,14.77122]]]}},{"type":"Feature","properties":{},"geometry":{"type":"Polygon","coordinates":[[[120.66694,14.77122],[120.66694,14.77095],[120.66721,14.77095],[120.66721,14.77068],[120.66748,14.77068],[120.66748,14.77122],[120.66694,14.77122]]]}},{"type":"Feature","properties":{},"geometry":{"type":"Polygon","coordinates":[[[120.68822,14.77149],[120.68822,14.77122],[120.68769,14.77122],[120.68769,14.77068],[120.68795,14.77068],[120.68795,14.77095],[120.68849,14.77095],[120.68849,14.77122],[120.68876,14.77122],[120.68876,14.77149],[120.68822,14.77149]]]}},{"type":"Feature","properties":{},"geometry":{"type":"Polygon","coordinates":[[[120.91431,14.77095],[120.91431,14.77068],[120.91458,14.77068],[120.91458,14.77095],[120.91431,14.77095]]]}},{"type":"Feature","properties":{},"geometry":{"type":"Polygon","coordinates":[[[120.84559,14.77068],[120.84559,14.77041],[120.84586,14.77041],[120.84586,14.77068],[120.84559,14.77068]]]}},{"type":"Feature","properties":{},"geometry":{"type":"Polygon","coordinates":[[[120.84586,14.77041],[120.84586,14.77014],[120.84613,14.77014],[120.84613,14.77041],[120.84586,14.77041]]]}},{"type":"Feature","properties":{},"geometry":{"type":"Polygon","coordinates":[[[120.74508,14.77014],[120.74508,14.7696],[120.74535,14.7696],[120.74535,14.77014],[120.74508,14.77014]]]}},{"type":"Feature","properties":{},"geometry":{"type":"Polygon","coordinates":[[[120.91215,14.77095],[120.91215,14.77041],[120.91242,14.77041],[120.91242,14.76906],[120.91269,14.76906],[120.91269,14.7688],[120.91296,14.7688],[120.91296,14.76933],[120.91269,14.76933],[120.91269,14.77068],[120.91242,14.77068],[120.91242,14.77095],[120.91215,14.77095]]]}},{"type":"Feature","properties":{},"geometry":{"type":"Polygon","coordinates":[[[120.84506,14.76853],[120.84506,14.76826],[120.84559,14.76826],[120.84559,14.76853],[120.84506,14.76853]]]}},{"type":"Feature","properties":{},"geometry":{"type":"Polygon","coordinates":[[[120.66694,14.76933],[120.66694,14.76853],[120.66667,14.76853],[120.66667,14.76826],[120.6664,14.76826],[120.6664,14.76799],[120.66694,14.76799],[120.66694,14.76826],[120.66721,14.76826],[120.66721,14.7688],[120.66748,14.7688],[120.66748,14.76906],[120.66721,14.76906],[120.66721,14.76933],[120.66694,14.76933]]]}},{"type":"Feature","properties":{},"geometry":{"type":"Polygon","coordinates":[[[120.66559,14.76799],[120.66559,14.76772],[120.6664,14.76772],[120.6664,14.76799],[120.66559,14.76799]]]}},{"type":"Feature","properties":{},"geometry":{"type":"Polygon","coordinates":[[[120.65104,14.7696],[120.65104,14.76906],[120.65131,14.76906],[120.65131,14.76853],[120.65023,14.76853],[120.65023,14.76799],[120.6505,14.76799],[120.6505,14.76772],[120.65104,14.76772],[120.65104,14.76745],[120.65158,14.76745],[120.65158,14.76772],[120.65185,14.76772],[120.65185,14.76799],[120.65265,14.76799],[120.65265,14.76826],[120.65292,14.76826],[120.65292,14.7688],[120.65238,14.7688],[120.65238,14.76906],[120.65212,14.76906],[120.65212,14.76933],[120.65185,14.76933],[120.65185,14.7696],[120.65104,14.7696]]]}},{"type":"Feature","properties":{},"geometry":{"type":"Polygon","coordinates":[[[120.65912,14.76853],[120.65912,14.76826],[120.65804,14.76826],[120.65804,14.76799],[120.6575,14.76799],[120.6575,14.76772],[120.65697,14.76772],[120.65697,14.76718],[120.6575,14.76718],[120.6575,14.76745],[120.66101,14.76745],[120.66101,14.76718],[120.66155,14.76718],[120.66155,14.76691],[120.66182,14.76691],[120.66182,14.76718],[120.66289,14.76718],[120.66289,14.76745],[120.66559,14.76745],[120.66559,14.76772],[120.66505,14.76772],[120.66505,14.76799],[120.66532,14.76799],[120.66532,14.76826],[120.66451,14.76826],[120.66451,14.76799],[120.66424,14.76799],[120.66424,14.76826],[120.66397,14.76826],[120.66397,14.76853],[120.66343,14.76853],[120.66343,14.76826],[120.66262,14.76826],[120.66262,14.76799],[120.66182,14.76799],[120.66182,14.76772],[120.66155,14.76772],[120.66155,14.76745],[120.66128,14.76745],[120.66128,14.76772],[120.66074,14.76772],[120.66074,14.76799],[120.6602,14.76799],[120.6602,14.76826],[120.65993,14.76826],[120.65993,14.76853],[120.65912,14.76853]]]}},{"type":"Feature","properties":{},"geometry":{"type":"Polygon","coordinates":[[[120.8402,14.76583],[120.8402,14.76556],[120.84074,14.76556],[120.84074,14.76583],[120.8402,14.76583]]]}},{"type":"Feature","properties":{},"geometry":{"type":"Polygon","coordinates":[[[120.83859,14.7661],[120.83859,14.76583],[120.83832,14.76583],[120.83832,14.76556],[120.83886,14.76556],[120.83886,14.76529],[120.83967,14.76529],[120.83967,14.76556],[120.8394,14.76556],[120.8394,14.76583],[120.83886,14.76583],[120.83886,14.7661],[120.83859,14.7661]]]}},{"type":"Feature","properties":{},"geometry":{"type":"Polygon","coordinates":[[[120.73296,14.76718],[120.73296,14.76664],[120.73269,14.76664],[120.73269,14.7661],[120.73296,14.7661],[120.73296,14.76556],[120.73323,14.76556],[120.73323,14.76529],[120.73403,14.76529],[120.73403,14.76502],[120.73484,14.76502],[120.73484,14.76556],[120.73457,14.76556],[120.73457,14.76583],[120.73403,14.76583],[120.73403,14.76637],[120.73376,14.76637],[120.73376,14.76664],[120.7335,14.76664],[120.7335,14.76718],[120.73296,14.76718]],[[120.7335,14.76583],[120.73376,14.76583],[120.73376,14.76556],[120.7335,14.76556],[120.7335,14.76583]]]}},{"type":"Feature","properties":{},"geometry":{"type":"Polygon","coordinates":[[[120.72864,14.76583],[120.72864,14.76556],[120.72838,14.76556],[120.72838,14.76529],[120.72864,14.76529],[120.72864,14.76502],[120.72891,14.76502],[120.72891,14.76529],[120.72918,14.76529],[120.72918,14.76556],[120.72945,14.76556],[120.72945,14.76583],[120.72864,14.76583]]]}},{"type":"Feature","properties":{},"geometry":{"type":"Polygon","coordinates":[[[120.91431,14.76529],[120.91431,14.76502],[120.91485,14.76502],[120.91485,14.76529],[120.91431,14.76529]]]}},{"type":"Feature","properties":{},"geometry":{"type":"Polygon","coordinates":[[[120.71679,14.76664],[120.71679,14.76583],[120.71706,14.76583],[120.71706,14.76529],[120.71733,14.76529],[120.71733,14.76475],[120.71814,14.76475],[120.71814,14.76529],[120.7176,14.76529],[120.7176,14.76583],[120.71733,14.76583],[120.71733,14.76637],[120.71706,14.76637],[120.71706,14.76664],[120.71679,14.76664]]]}},{"type":"Feature","properties":{},"geometry":{"type":"Polygon","coordinates":[[[120.91377,14.76502],[120.91377,14.76475],[120.91431,14.76475],[120.91431,14.76502],[120.91377,14.76502]]]}},{"type":"Feature","properties":{},"geometry":{"type":"Polygon","coordinates":[[[120.72164,14.76502],[120.72164,14.76421],[120.72191,14.76421],[120.72191,14.76395],[120.72272,14.76395],[120.72272,14.76448],[120.72245,14.76448],[120.72245,14.76475],[120.72191,14.76475],[120.72191,14.76502],[120.72164,14.76502]]]}},{"type":"Feature","properties":{},"geometry":{"type":"Polygon","coordinates":[[[120.83616,14.76745],[120.83616,14.76718],[120.83589,14.76718],[120.83589,14.76691],[120.83562,14.76691],[120.83562,14.76637],[120.83508,14.76637],[120.83508,14.7661],[120.83482,14.7661],[120.83482,14.76583],[120.83455,14.76583],[120.83455,14.76556],[120.83428,14.76556],[120.83428,14.76502],[120.83401,14.76502],[120.83401,14.76475],[120.83374,14.76475],[120.83374,14.76448],[120.83347,14.76448],[120.83347,14.76421],[120.83293,14.76421],[120.83293,14.76368],[120.83374,14.76368],[120.83374,14.76395],[120.83401,14.76395],[120.83401,14.76421],[120.83428,14.76421],[120.83428,14.76448],[120.83455,14.76448],[120.83455,14.76502],[120.83482,14.76502],[120.83482,14.76529],[120.83508,14.76529],[120.83508,14.76556],[120.83535,14.76556],[120.83535,14.76583],[120.83562,14.76583],[120.83562,14.7661],[120.83616,14.7661],[120.83616,14.76637],[120.8367,14.76637],[120.8367,14.7661],[120.83805,14.7661],[120.83805,14.76583],[120.83832,14.76583],[120.83832,14.7661],[120.83859,14.7661],[120.83859,14.76637],[120.83805,14.76637],[120.83805,14.76664],[120.83778,14.76664],[120.83778,14.76691],[120.83751,14.76691],[120.83751,14.76718],[120.83697,14.76718],[120.83697,14.76745],[120.83616,14.76745]]]}},{"type":"Feature","properties":{},"geometry":{"type":"Polygon","coordinates":[[[120.72379,14.76448],[120.72379,14.76421],[120.72299,14.76421],[120.72299,14.76395],[120.72272,14.76395],[120.72272,14.76368],[120.72299,14.76368],[120.72299,14.76314],[120.7246,14.76314],[120.7246,14.76448],[120.72379,14.76448]]]}},{"type":"Feature","properties":{},"geometry":{"type":"Polygon","coordinates":[[[120.54972,14.77095],[120.54972,14.77041],[120.54945,14.77041],[120.54945,14.7696],[120.54918,14.7696],[120.54918,14.76826],[120.54891,14.76826],[120.54891,14.76718],[120.54918,14.76718],[120.54918,14.76691],[120.54891,14.76691],[120.54891,14.76395],[120.54864,14.76395],[120.54864,14.76368],[120.54837,14.76368],[120.54837,14.76341],[120.5481,14.76341],[120.5481,14.76314],[120.54945,14.76314],[120.54945,14.7661],[120.54918,14.7661],[120.54918,14.76664],[120.54945,14.76664],[120.54945,14.7688],[120.54972,14.7688],[120.54972,14.7696],[120.54999,14.7696],[120.54999,14.77095],[120.54972,14.77095]]]}},{"type":"Feature","properties":{},"geometry":{"type":"Polygon","coordinates":[[[120.54945,14.76233],[120.54945,14.76179],[120.54972,14.76179],[120.54972,14.76233],[120.54945,14.76233]]]}},{"type":"Feature","properties":{},"geometry":{"type":"Polygon","coordinates":[[[120.83023,14.76152],[120.83023,14.76125],[120.8297,14.76125],[120.8297,14.76098],[120.82943,14.76098],[120.82943,14.76071],[120.82889,14.76071],[120.82889,14.76044],[120.82862,14.76044],[120.82862,14.76017],[120.82889,14.76017],[120.82889,14.75963],[120.8297,14.75963],[120.8297,14.7599],[120.82996,14.7599],[120.82996,14.76044],[120.83023,14.76044],[120.83023,14.76098],[120.8305,14.76098],[120.8305,14.76125],[120.83077,14.76125],[120.83077,14.76152],[120.83023,14.76152]]]}},{"type":"Feature","properties":{},"geometry":{"type":"Polygon","coordinates":[[[120.7432,14.76179],[120.7432,14.76125],[120.74347,14.76125],[120.74347,14.76098],[120.74454,14.76098],[120.74454,14.76071],[120.74508,14.76071],[120.74508,14.76044],[120.74535,14.76044],[120.74535,14.76017],[120.74562,14.76017],[120.74562,14.7599],[120.74589,14.7599],[120.74589,14.75963],[120.74643,14.75963],[120.74643,14.75936],[120.7467,14.75936],[120.7467,14.75909],[120.74724,14.75909],[120.74724,14.75936],[120.74751,14.75936],[120.74751,14.75909],[120.74805,14.75909],[120.74805,14.75936],[120.74832,14.75936],[120.74832,14.7599],[120.74805,14.7599],[120.74805,14.76017],[120.74778,14.76017],[120.74778,14.7599],[120.74724,14.7599],[120.74724,14.76017],[120.74643,14.76017],[120.74643,14.76071],[120.74562,14.76071],[120.74562,14.76098],[120.74535,14.76098],[120.74535,14.76125],[120.74454,14.76125],[120.74454,14.76152],[120.74373,14.76152],[120.74373,14.76179],[120.7432,14.76179]]]}},{"type":"Feature","properties":{},"geometry":{"type":"Polygon","coordinates":[[[120.79305,14.75883],[120.79305,14.75856],[120.79386,14.75856],[120.79386,14.75883],[120.79305,14.75883]]]}},{"type":"Feature","properties":{},"geometry":{"type":"Polygon","coordinates":[[[120.54945,14.76152],[120.54945,14.75963],[120.54999,14.75963],[120.54999,14.75802],[120.55053,14.75802],[120.55053,14.75909],[120.55026,14.75909],[120.55026,14.76017],[120.54999,14.76017],[120.54999,14.76044],[120.54972,14.76044],[120.54972,14.76152],[120.54945,14.76152]]]}},{"type":"Feature","properties":{},"geometry":{"type":"Polygon","coordinates":[[[120.55053,14.75775],[120.55053,14.75721],[120.55079,14.75721],[120.55079,14.75775],[120.55053,14.75775]]]}},{"type":"Feature","properties":{},"geometry":{"type":"Polygon","coordinates":[[[120.80437,14.75748],[120.80437,14.75721],[120.80463,14.75721],[120.80463,14.75748],[120.80437,14.75748]]]}},{"type":"Feature","properties":{},"geometry":{"type":"Polygon","coordinates":[[[120.80625,14.75748],[120.80625,14.75721],[120.80679,14.75721],[120.80679,14.75748],[120.80625,14.75748]]]}},{"type":"Feature","properties":{},"geometry":{"type":"Polygon","coordinates":[[[120.80679,14.75721],[120.80679,14.75694],[120.80706,14.75694],[120.80706,14.75721],[120.80679,14.75721]]]}},{"type":"Feature","properties":{},"geometry":{"type":"Polygon","coordinates":[[[120.55079,14.7564],[120.55079,14.75613],[120.55106,14.75613],[120.55106,14.7564],[120.55079,14.7564]]]}},{"type":"Feature","properties":{},"geometry":{"type":"Polygon","coordinates":[[[120.55106,14.75586],[120.55106,14.75505],[120.5516,14.75505],[120.5516,14.75559],[120.55133,14.75559],[120.55133,14.75586],[120.55106,14.75586]]]}},{"type":"Feature","properties":{},"geometry":{"type":"Polygon","coordinates":[[[120.84748,14.75344],[120.84748,14.75317],[120.84775,14.75317],[120.84775,14.75344],[120.84748,14.75344]]]}},{"type":"Feature","properties":{},"geometry":{"type":"Polygon","coordinates":[[[120.84694,14.75317],[120.84694,14.7529],[120.84667,14.7529],[120.84667,14.75263],[120.84586,14.75263],[120.84586,14.75236],[120.84694,14.75236],[120.84694,14.75263],[120.84721,14.75263],[120.84721,14.7529],[120.84748,14.7529],[120.84748,14.75317],[120.84694,14.75317]]]}},{"type":"Feature","properties":{},"geometry":{"type":"Polygon","coordinates":[[[120.83805,14.75397],[120.83805,14.75371],[120.83778,14.75371],[120.83778,14.75317],[120.83751,14.75317],[120.83751,14.75263],[120.83832,14.75263],[120.83832,14.7529],[120.83886,14.7529],[120.83886,14.75263],[120.8394,14.75263],[120.8394,14.75236],[120.83967,14.75236],[120.83967,14.75209],[120.8402,14.75209],[120.8402,14.75182],[120.84074,14.75182],[120.84074,14.75155],[120.84128,14.75155],[120.84128,14.75128],[120.84209,14.75128],[120.84209,14.75101],[120.84263,14.75101],[120.84263,14.75074],[120.84371,14.75074],[120.84371,14.75101],[120.84317,14.75101],[120.84317,14.75128],[120.84263,14.75128],[120.84263,14.75155],[120.84236,14.75155],[120.84236,14.75182],[120.84209,14.75182],[120.84209,14.75236],[120.84155,14.75236],[120.84155,14.75263],[120.84128,14.75263],[120.84128,14.7529],[120.84074,14.7529],[120.84074,14.75317],[120.8402,14.75317],[120.8402,14.75344],[120.83967,14.75344],[120.83967,14.75371],[120.8394,14.75371],[120.8394,14.75397],[120.83805,14.75397]]]}},{"type":"Feature","properties":{},"geometry":{"type":"Polygon","coordinates":[[[120.5543,14.75047],[120.5543,14.7502],[120.55349,14.7502],[120.55349,14.74993],[120.55403,14.74993],[120.55403,14.74966],[120.55457,14.74966],[120.55457,14.74939],[120.55511,14.74939],[120.55511,14.74966],[120.55538,14.74966],[120.55538,14.7502],[120.55484,14.7502],[120.55484,14.75047],[120.5543,14.75047]]]}},{"type":"Feature","properties":{},"geometry":{"type":"Polygon","coordinates":[[[120.55322,14.74966],[120.55322,14.74939],[120.55349,14.74939],[120.55349,14.74912],[120.55376,14.74912],[120.55376,14.74966],[120.55322,14.74966]]]}},{"type":"Feature","properties":{},"geometry":{"type":"Polygon","coordinates":[[[120.55403,14.74885],[120.55403,14.74859],[120.55376,14.74859],[120.55376,14.74832],[120.5543,14.74832],[120.5543,14.74885],[120.55403,14.74885]]]}},{"type":"Feature","properties":{},"geometry":{"type":"Polygon","coordinates":[[[120.55322,14.74751],[120.55322,14.74724],[120.55295,14.74724],[120.55295,14.74697],[120.55187,14.74697],[120.55187,14.7467],[120.5516,14.7467],[120.5516,14.74616],[120.55187,14.74616],[120.55187,14.74643],[120.55268,14.74643],[120.55268,14.7467],[120.55322,14.7467],[120.55322,14.74697],[120.55349,14.74697],[120.55349,14.74751],[120.55322,14.74751]]]}},{"type":"Feature","properties":{},"geometry":{"type":"Polygon","coordinates":[[[120.55079,14.74508],[120.55079,14.74481],[120.55053,14.74481],[120.55053,14.74427],[120.55079,14.74427],[120.55079,14.74454],[120.55106,14.74454],[120.55106,14.74508],[120.55079,14.74508]]]}},{"type":"Feature","properties":{},"geometry":{"type":"Polygon","coordinates":[[[120.54621,14.74212],[120.54621,14.74158],[120.54702,14.74158],[120.54702,14.74185],[120.54675,14.74185],[120.54675,14.74212],[120.54621,14.74212]]]}},{"type":"Feature","properties":{},"geometry":{"type":"Polygon","coordinates":[[[120.85233,14.73835],[120.85233,14.73808],[120.8526,14.73808],[120.8526,14.73835],[120.85233,14.73835]]]}},{"type":"Feature","properties":{},"geometry":{"type":"Polygon","coordinates":[[[120.54244,14.73808],[120.54244,14.73781],[120.54298,14.73781],[120.54298,14.73808],[120.54244,14.73808]]]}},{"type":"Feature","properties":{},"geometry":{"type":"Polygon","coordinates":[[[120.85206,14.73808],[120.85206,14.73781],[120.85233,14.73781],[120.85233,14.73808],[120.85206,14.73808]]]}},{"type":"Feature","properties":{},"geometry":{"type":"Polygon","coordinates":[[[120.85179,14.73781],[120.85179,14.73754],[120.85206,14.73754],[120.85206,14.73781],[120.85179,14.73781]]]}},{"type":"Feature","properties":{},"geometry":{"type":"Polygon","coordinates":[[[120.54648,14.73754],[120.54648,14.73727],[120.54675,14.73727],[120.54675,14.73754],[120.54648,14.73754]]]}},{"type":"Feature","properties":{},"geometry":{"type":"Polygon","coordinates":[[[120.85152,14.73754],[120.85152,14.73727],[120.85125,14.73727],[120.85125,14.73673],[120.85152,14.73673],[120.85152,14.737],[120.85179,14.737],[120.85179,14.73754],[120.85152,14.73754]]]}},{"type":"Feature","properties":{},"geometry":{"type":"Polygon","coordinates":[[[120.54999,14.74427],[120.54999,14.744],[120.54972,14.744],[120.54972,14.74293],[120.54945,14.74293],[120.54945,14.74239],[120.54918,14.74239],[120.54918,14.74158],[120.54891,14.74158],[120.54891,14.74104],[120.54864,14.74104],[120.54864,14.73969],[120.54837,14.73969],[120.54837,14.73861],[120.5481,14.73861],[120.5481,14.73781],[120.54783,14.73781],[120.54783,14.73754],[120.54729,14.73754],[120.54729,14.73673],[120.54756,14.73673],[120.54756,14.73619],[120.54783,14.73619],[120.54783,14.73565],[120.5481,14.73565],[120.5481,14.73673],[120.54783,14.73673],[120.54783,14.73727],[120.5481,14.73727],[120.5481,14.73754],[120.54837,14.73754],[120.54837,14.73808],[120.54864,14.73808],[120.54864,14.73888],[120.54891,14.73888],[120.54891,14.73996],[120.54918,14.73996],[120.54918,14.74104],[120.54945,14.74104],[120.54945,14.74185],[120.54972,14.74185],[120.54972,14.74239],[120.54999,14.74239],[120.54999,14.74347],[120.55026,14.74347],[120.55026,14.74427],[120.54999,14.74427]]]}},{"type":"Feature","properties":{},"geometry":{"type":"Polygon","coordinates":[[[120.5419,14.73565],[120.5419,14.73511],[120.54217,14.73511],[120.54217,14.73565],[120.5419,14.73565]]]}},{"type":"Feature","properties":{},"geometry":{"type":"Polygon","coordinates":[[[120.85125,14.7335],[120.85125,14.73323],[120.85152,14.73323],[120.85152,14.7335],[120.85125,14.7335]]]}},{"type":"Feature","properties":{},"geometry":{"type":"Polygon","coordinates":[[[120.54729,14.73565],[120.54729,14.73538],[120.54702,14.73538],[120.54702,14.73403],[120.54675,14.73403],[120.54675,14.73242],[120.54648,14.73242],[120.54648,14.72972],[120.54621,14.72972],[120.54621,14.72864],[120.54648,14.72864],[120.54648,14.72676],[120.54621,14.72676],[120.54621,14.72622],[120.54675,14.72622],[120.54675,14.72972],[120.54702,14.72972],[120.54702,14.73215],[120.54729,14.73215],[120.54729,14.73403],[120.54756,14.73403],[120.54756,14.73484],[120.54783,14.73484],[120.54783,14.73565],[120.54729,14.73565]]]}},{"type":"Feature","properties":{},"geometry":{"type":"Polygon","coordinates":[[[120.54648,14.72568],[120.54648,14.72514],[120.54702,14.72514],[120.54702,14.72352],[120.54729,14.72352],[120.54729,14.72299],[120.54783,14.72299],[120.54783,14.72326],[120.54756,14.72326],[120.54756,14.72433],[120.54729,14.72433],[120.54729,14.72541],[120.54702,14.72541],[120.54702,14.72568],[120.54648,14.72568]]]}},{"type":"Feature","properties":{},"geometry":{"type":"Polygon","coordinates":[[[120.54945,14.71167],[120.54945,14.7114],[120.54972,14.7114],[120.54972,14.71167],[120.54945,14.71167]]]}},{"type":"Feature","properties":{},"geometry":{"type":"Polygon","coordinates":[[[120.54972,14.7114],[120.54972,14.71032],[120.55026,14.71032],[120.55026,14.71059],[120.54999,14.71059],[120.54999,14.7114],[120.54972,14.7114]]]}},{"type":"Feature","properties":{},"geometry":{"type":"Polygon","coordinates":[[[120.54945,14.70493],[120.54945,14.70439],[120.54972,14.70439],[120.54972,14.70493],[120.54945,14.70493]]]}},{"type":"Feature","properties":{},"geometry":{"type":"Polygon","coordinates":[[[120.54729,14.70278],[120.54729,14.70251],[120.54702,14.70251],[120.54702,14.70224],[120.54783,14.70224],[120.54783,14.70278],[120.54729,14.70278]]]}},{"type":"Feature","properties":{},"geometry":{"type":"Polygon","coordinates":[[[120.55026,14.71032],[120.55026,14.70978],[120.55053,14.70978],[120.55053,14.70924],[120.55079,14.70924],[120.55079,14.7087],[120.55106,14.7087],[120.55106,14.70816],[120.55133,14.70816],[120.55133,14.70628],[120.5516,14.70628],[120.5516,14.70574],[120.55187,14.70574],[120.55187,14.7052],[120.55214,14.7052],[120.55214,14.70466],[120.55241,14.70466],[120.55241,14.70412],[120.55268,14.70412],[120.55268,14.70358],[120.55295,14.70358],[120.55295,14.70305],[120.55322,14.70305],[120.55322,14.70251],[120.55349,14.70251],[120.55349,14.70224],[120.55376,14.70224],[120.55376,14.7017],[120.5543,14.7017],[120.5543,14.70224],[120.55403,14.70224],[120.55403,14.70278],[120.55376,14.70278],[120.55376,14.70358],[120.55349,14.70358],[120.55349,14.70439],[120.55322,14.70439],[120.55322,14.70466],[120.55295,14.70466],[120.55295,14.7052],[120.55268,14.7052],[120.55268,14.70547],[120.55295,14.70547],[120.55295,14.70655],[120.55268,14.70655],[120.55268,14.70709],[120.55241,14.70709],[120.55241,14.70736],[120.55214,14.70736],[120.55214,14.7079],[120.55187,14.7079],[120.55187,14.70816],[120.5516,14.70816],[120.5516,14.7087],[120.55133,14.7087],[120.55133,14.70897],[120.55106,14.70897],[120.55106,14.70951],[120.55079,14.70951],[120.55079,14.71032],[120.55026,14.71032]]]}},{"type":"Feature","properties":{},"geometry":{"type":"Polygon","coordinates":[[[120.55807,14.70089],[120.55807,14.70062],[120.55834,14.70062],[120.55834,14.70089],[120.55807,14.70089]]]}},{"type":"Feature","properties":{},"geometry":{"type":"Polygon","coordinates":[[[120.55888,14.70089],[120.55888,14.69981],[120.55915,14.69981],[120.55915,14.69954],[120.55942,14.69954],[120.55942,14.69981],[120.55969,14.69981],[120.55969,14.70035],[120.55996,14.70035],[120.55996,14.70008],[120.56023,14.70008],[120.56023,14.70035],[120.5605,14.70035],[120.5605,14.70062],[120.55942,14.70062],[120.55942,14.70089],[120.55888,14.70089]]]}},{"type":"Feature","properties":{},"geometry":{"type":"Polygon","coordinates":[[[120.55996,14.69981],[120.55996,14.69954],[120.56023,14.69954],[120.56023,14.69981],[120.55996,14.69981]]]}},{"type":"Feature","properties":{},"geometry":{"type":"Polygon","coordinates":[[[120.90461,14.7052],[120.90461,14.70466],[120.90488,14.70466],[120.90488,14.70412],[120.90515,14.70412],[120.90515,14.70358],[120.90542,14.70358],[120.90542,14.70305],[120.90569,14.70305],[120.90569,14.70251],[120.90596,14.70251],[120.90596,14.70224],[120.90622,14.70224],[120.90622,14.7017],[120.90676,14.7017],[120.90676,14.70143],[120.90703,14.70143],[120.90703,14.70089],[120.9073,14.70089],[120.9073,14.70062],[120.90757,14.70062],[120.90757,14.70035],[120.90784,14.70035],[120.90784,14.70008],[120.90811,14.70008],[120.90811,14.69981],[120.90838,14.69981],[120.90838,14.69954],[120.90865,14.69954],[120.90865,14.69927],[120.90946,14.69927],[120.90946,14.69873],[120.90973,14.69873],[120.90973,14.69846],[120.91,14.69846],[120.91,14.69819],[120.91027,14.69819],[120.91027,14.69793],[120.91054,14.69793],[120.91054,14.69766],[120.91081,14.69766],[120.91081,14.69685],[120.91108,14.69685],[120.91108,14.69658],[120.91134,14.69658],[120.91134,14.69631],[120.91161,14.69631],[120.91161,14.69604],[120.91188,14.69604],[120.91188,14.69658],[120.91215,14.69658],[120.91215,14.69685],[120.91188,14.69685],[120.91188,14.69712],[120.91161,14.69712],[120.91161,14.69739],[120.91134,14.69739],[120.91134,14.69793],[120.91108,14.69793],[120.91108,14.69846],[120.91081,14.69846],[120.91081,14.69873],[120.91054,14.69873],[120.91054,14.699],[120.91027,14.699],[120.91027,14.69954],[120.91,14.69954],[120.91,14.69981],[120.90946,14.69981],[120.90946,14.70008],[120.90919,14.70008],[120.90919,14.70035],[120.90892,14.70035],[120.90892,14.70062],[120.90865,14.70062],[120.90865,14.70116],[120.90838,14.70116],[120.90838,14.70143],[120.90811,14.70143],[120.90811,14.7017],[120.90784,14.7017],[120.90784,14.70197],[120.90757,14.70197],[120.90757,14.70224],[120.9073,14.70224],[120.9073,14.70251],[120.90703,14.70251],[120.90703,14.70278],[120.90676,14.70278],[120.90676,14.70305],[120.90649,14.70305],[120.90649,14.70331],[120.90596,14.70331],[120.90596,14.70358],[120.90569,14.70358],[120.90569,14.70412],[120.90542,14.70412],[120.90542,14.70466],[120.90515,14.70466],[120.90515,14.70493],[120.90488,14.70493],[120.90488,14.7052],[120.90461,14.7052]]]}},{"type":"Feature","properties":{},"geometry":{"type":"Polygon","coordinates":[[[120.56103,14.69793],[120.56103,14.69658],[120.56157,14.69658],[120.56157,14.69604],[120.56184,14.69604],[120.56184,14.69631],[120.56238,14.69631],[120.56238,14.69658],[120.56184,14.69658],[120.56184,14.69712],[120.5613,14.69712],[120.5613,14.69793],[120.56103,14.69793]]]}},{"type":"Feature","properties":{},"geometry":{"type":"Polygon","coordinates":[[[120.56346,14.69604],[120.56346,14.69577],[120.56373,14.69577],[120.56373,14.69604],[120.56346,14.69604]]]}},{"type":"Feature","properties":{},"geometry":{"type":"Polygon","coordinates":[[[120.564,14.69604],[120.564,14.69577],[120.56373,14.69577],[120.56373,14.6955],[120.564,14.6955],[120.564,14.69523],[120.56427,14.69523],[120.56427,14.69469],[120.56481,14.69469],[120.56481,14.69442],[120.56535,14.69442],[120.56535,14.69469],[120.56562,14.69469],[120.56562,14.69496],[120.56589,14.69496],[120.56589,14.69523],[120.56508,14.69523],[120.56508,14.6955],[120.56481,14.6955],[120.56481,14.69577],[120.56427,14.69577],[120.56427,14.69604],[120.564,14.69604]]]}},{"type":"Feature","properties":{},"geometry":{"type":"Polygon","coordinates":[[[120.91431,14.69496],[120.91431,14.69469],[120.91485,14.69469],[120.91485,14.69415],[120.91539,14.69415],[120.91539,14.69469],[120.91512,14.69469],[120.91512,14.69496],[120.91431,14.69496]]]}},{"type":"Feature","properties":{},"geometry":{"type":"Polygon","coordinates":[[[120.91566,14.69388],[120.91566,14.69334],[120.9162,14.69334],[120.9162,14.69307],[120.91673,14.69307],[120.91673,14.69361],[120.91646,14.69361],[120.91646,14.69388],[120.91566,14.69388]]]}},{"type":"Feature","properties":{},"geometry":{"type":"Polygon","coordinates":[[[120.91673,14.69307],[120.91673,14.69254],[120.917,14.69254],[120.917,14.69227],[120.91727,14.69227],[120.91727,14.692],[120.91754,14.692],[120.91754,14.69173],[120.91781,14.69173],[120.91781,14.69227],[120.91754,14.69227],[120.91754,14.69254],[120.91727,14.69254],[120.91727,14.69281],[120.917,14.69281],[120.917,14.69307],[120.91673,14.69307]]]}},{"type":"Feature","properties":{},"geometry":{"type":"Polygon","coordinates":[[[120.91916,14.69065],[120.91916,14.69011],[120.91943,14.69011],[120.91943,14.68984],[120.91997,14.68984],[120.91997,14.68903],[120.92024,14.68903],[120.92024,14.68876],[120.92051,14.68876],[120.92051,14.68849],[120.92078,14.68849],[120.92078,14.68822],[120.92105,14.68822],[120.92105,14.68849],[120.92132,14.68849],[120.92132,14.68876],[120.92158,14.68876],[120.92158,14.68903],[120.92132,14.68903],[120.92132,14.6893],[120.92105,14.6893],[120.92105,14.68957],[120.92078,14.68957],[120.92078,14.68984],[120.92051,14.68984],[120.92051,14.69011],[120.92024,14.69011],[120.92024,14.69038],[120.9197,14.69038],[120.9197,14.69065],[120.91916,14.69065]],[[120.92024,14.68957],[120.92051,14.68957],[120.92051,14.6893],[120.92024,14.6893],[120.92024,14.68957]]]}},{"type":"Feature","properties":{},"geometry":{"type":"Polygon","coordinates":[[[120.56508,14.68984],[120.56508,14.6893],[120.56481,14.6893],[120.56481,14.68876],[120.56454,14.68876],[120.56454,14.68715],[120.56481,14.68715],[120.56481,14.68526],[120.56508,14.68526],[120.56508,14.68499],[120.56562,14.68499],[120.56562,14.68526],[120.56589,14.68526],[120.56589,14.68661],[120.56562,14.68661],[120.56562,14.68742],[120.56589,14.68742],[120.56589,14.68903],[120.56615,14.68903],[120.56615,14.6893],[120.56589,14.6893],[120.56589,14.68957],[120.56562,14.68957],[120.56562,14.68984],[120.56508,14.68984]]]}},{"type":"Feature","properties":{},"geometry":{"type":"Polygon","coordinates":[[[120.92158,14.68876],[120.92158,14.68849],[120.92132,14.68849],[120.92132,14.68769],[120.92185,14.68769],[120.92185,14.68715],[120.92212,14.68715],[120.92212,14.68688],[120.92239,14.68688],[120.92239,14.68661],[120.92266,14.68661],[120.92266,14.68634],[120.92293,14.68634],[120.92293,14.68607],[120.9232,14.68607],[120.9232,14.6858],[120.92347,14.6858],[120.92347,14.68526],[120.92374,14.68526],[120.92374,14.68499],[120.92428,14.68499],[120.92428,14.68526],[120.92455,14.68526],[120.92455,14.68553],[120.92401,14.68553],[120.92401,14.68634],[120.92374,14.68634],[120.92374,14.68661],[120.92347,14.68661],[120.92347,14.68715],[120.92266,14.68715],[120.92266,14.68742],[120.92293,14.68742],[120.92293,14.68769],[120.92266,14.68769],[120.92266,14.68795],[120.92239,14.68795],[120.92239,14.68822],[120.92212,14.68822],[120.92212,14.68876],[120.92158,14.68876]],[[120.92293,14.68688],[120.9232,14.68688],[120.9232,14.68661],[120.92293,14.68661],[120.92293,14.68688]]]}},{"type":"Feature","properties":{},"geometry":{"type":"Polygon","coordinates":[[[120.92697,14.68203],[120.92697,14.68176],[120.92751,14.68176],[120.92751,14.68203],[120.92697,14.68203]]]}},{"type":"Feature","properties":{},"geometry":{"type":"Polygon","coordinates":[[[120.92428,14.68499],[120.92428,14.68364],[120.92401,14.68364],[120.92401,14.6831],[120.92428,14.6831],[120.92428,14.68283],[120.92455,14.68283],[120.92455,14.68257],[120.92482,14.68257],[120.92482,14.68203],[120.92509,14.68203],[120.92509,14.68176],[120.92536,14.68176],[120.92536,14.68149],[120.9259,14.68149],[120.9259,14.68122],[120.92617,14.68122],[120.92617,14.68068],[120.92643,14.68068],[120.92643,14.68149],[120.9267,14.68149],[120.9267,14.68176],[120.92643,14.68176],[120.92643,14.68203],[120.92697,14.68203],[120.92697,14.6823],[120.9267,14.6823],[120.9267,14.68257],[120.92643,14.68257],[120.92643,14.6831],[120.9259,14.6831],[120.9259,14.68364],[120.92536,14.68364],[120.92536,14.68418],[120.92509,14.68418],[120.92509,14.68445],[120.92482,14.68445],[120.92482,14.68472],[120.92455,14.68472],[120.92455,14.68499],[120.92428,14.68499]],[[120.92563,14.6823],[120.92617,14.6823],[120.92617,14.68203],[120.92563,14.68203],[120.92563,14.6823]]]}},{"type":"Feature","properties":{},"geometry":{"type":"Polygon","coordinates":[[[120.9267,14.68014],[120.9267,14.67933],[120.92724,14.67933],[120.92724,14.6796],[120.92751,14.6796],[120.92751,14.67987],[120.92697,14.67987],[120.92697,14.68014],[120.9267,14.68014]]]}},{"type":"Feature","properties":{},"geometry":{"type":"Polygon","coordinates":[[[120.92724,14.67933],[120.92724,14.67906],[120.92751,14.67906],[120.92751,14.67933],[120.92724,14.67933]]]}},{"type":"Feature","properties":{},"geometry":{"type":"Polygon","coordinates":[[[120.92778,14.67933],[120.92778,14.67906],[120.92805,14.67906],[120.92805,14.67933],[120.92778,14.67933]]]}},{"type":"Feature","properties":{},"geometry":{"type":"Polygon","coordinates":[[[120.92805,14.67906],[120.92805,14.67879],[120.92832,14.67879],[120.92832,14.67906],[120.92805,14.67906]]]}},{"type":"Feature","properties":{},"geometry":{"type":"Polygon","coordinates":[[[120.92751,14.67879],[120.92751,14.67852],[120.92805,14.67852],[120.92805,14.67879],[120.92751,14.67879]]]}},{"type":"Feature","properties":{},"geometry":{"type":"Polygon","coordinates":[[[120.92832,14.67879],[120.92832,14.67852],[120.92859,14.67852],[120.92859,14.67879],[120.92832,14.67879]]]}},{"type":"Feature","properties":{},"geometry":{"type":"Polygon","coordinates":[[[120.56696,14.67771],[120.56696,14.67664],[120.56723,14.67664],[120.56723,14.67637],[120.5675,14.67637],[120.5675,14.67771],[120.56696,14.67771]]]}},{"type":"Feature","properties":{},"geometry":{"type":"Polygon","coordinates":[[[120.93102,14.67664],[120.93102,14.67637],[120.93155,14.67637],[120.93155,14.67664],[120.93102,14.67664]]]}},{"type":"Feature","properties":{},"geometry":{"type":"Polygon","coordinates":[[[120.56831,14.67394],[120.56831,14.6734],[120.56858,14.6734],[120.56858,14.67394],[120.56831,14.67394]]]}},{"type":"Feature","properties":{},"geometry":{"type":"Polygon","coordinates":[[[120.5772,14.65912],[120.5772,14.65858],[120.57747,14.65858],[120.57747,14.65912],[120.5772,14.65912]]]}},{"type":"Feature","properties":{},"geometry":{"type":"Polygon","coordinates":[[[120.57828,14.65508],[120.57828,14.65481],[120.57855,14.65481],[120.57855,14.65454],[120.57909,14.65454],[120.57909,14.65319],[120.57936,14.65319],[120.57936,14.65265],[120.57963,14.65265],[120.57963,14.65238],[120.5799,14.65238],[120.5799,14.65212],[120.58017,14.65212],[120.58017,14.65185],[120.58044,14.65185],[120.58044,14.65131],[120.58098,14.65131],[120.58098,14.65158],[120.58071,14.65158],[120.58071,14.65212],[120.58044,14.65212],[120.58044,14.65265],[120.58017,14.65265],[120.58017,14.65292],[120.5799,14.65292],[120.5799,14.65319],[120.57963,14.65319],[120.57963,14.65427],[120.57936,14.65427],[120.57936,14.65508],[120.57828,14.65508]]]}}]}