{"type":"FeatureCollection","year":2020,"bbox":[120.45,14.65,120.95,14.9],"source":{"name":"Global Mangrove Watch","version":"v4.1.12","provenance_url":"https://doi.org/10.5281/zenodo.21346457"},"features":[{"type":"Feature","properties":{},"geometry":{"type":"Polygon","coordinates":[[[120.62544,14.89464],[120.62544,14.89437],[120.62571,14.89437],[120.62571,14.89464],[120.62544,14.89464]]]}},{"type":"Feature","properties":{},"geometry":{"type":"Polygon","coordinates":[[[120.62517,14.89437],[120.62517,14.8941],[120.6249,14.8941],[120.6249,14.89383],[120.62463,14.89383],[120.62463,14.89329],[120.6249,14.89329],[120.6249,14.89356],[120.62517,14.89356],[120.62517,14.89383],[120.62544,14.89383],[120.62544,14.89437],[120.62517,14.89437]]]}},{"type":"Feature","properties":{},"geometry":{"type":"Polygon","coordinates":[[[120.62436,14.89329],[120.62436,14.89302],[120.62409,14.89302],[120.62409,14.89248],[120.62436,14.89248],[120.62436,14.89275],[120.62463,14.89275],[120.62463,14.89329],[120.62436,14.89329]]]}},{"type":"Feature","properties":{},"geometry":{"type":"Polygon","coordinates":[[[120.57639,14.89275],[120.57639,14.89248],[120.5772,14.89248],[120.5772,14.89275],[120.57639,14.89275]]]}},{"type":"Feature","properties":{},"geometry":{"type":"Polygon","coordinates":[[[120.55618,14.89248],[120.55618,14.89221],[120.55645,14.89221],[120.55645,14.89248],[120.55618,14.89248]]]}},{"type":"Feature","properties":{},"geometry":{"type":"Polygon","coordinates":[[[120.55996,14.89302],[120.55996,14.89275],[120.55969,14.89275],[120.55969,14.89221],[120.5605,14.89221],[120.5605,14.89194],[120.56077,14.89194],[120.56077,14.89221],[120.5613,14.89221],[120.5613,14.89275],[120.56077,14.89275],[120.56077,14.89302],[120.55996,14.89302]]]}},{"type":"Feature","properties":{},"geometry":{"type":"Polygon","coordinates":[[[120.55645,14.89221],[120.55645,14.89113],[120.55699,14.89113],[120.55699,14.89194],[120.55672,14.89194],[120.55672,14.89221],[120.55645,14.89221]]]}},{"type":"Feature","properties":{},"geometry":{"type":"Polygon","coordinates":[[[120.62355,14.89194],[120.62355,14.89113],[120.62382,14.89113],[120.62382,14.89167],[120.62409,14.89167],[120.62409,14.89194],[120.62355,14.89194]]]}},{"type":"Feature","properties":{},"geometry":{"type":"Polygon","coordinates":[[[120.5613,14.89221],[120.5613,14.89194],[120.56103,14.89194],[120.56103,14.89167],[120.56077,14.89167],[120.56077,14.8914],[120.56103,14.8914],[120.56103,14.89113],[120.5613,14.89113],[120.5613,14.8914],[120.56157,14.8914],[120.56157,14.89167],[120.56184,14.89167],[120.56184,14.89221],[120.5613,14.89221]]]}},{"type":"Feature","properties":{},"geometry":{"type":"Polygon","coordinates":[[[120.55915,14.88305],[120.55915,14.88278],[120.55861,14.88278],[120.55861,14.88224],[120.55888,14.88224],[120.55888,14.88197],[120.55861,14.88197],[120.55861,14.8817],[120.55915,14.8817],[120.55915,14.88224],[120.55942,14.88224],[120.55942,14.88305],[120.55915,14.88305]]]}},{"type":"Feature","properties":{},"geometry":{"type":"Polygon","coordinates":[[[120.58394,14.88197],[120.58394,14.88143],[120.58448,14.88143],[120.58448,14.8817],[120.58421,14.8817],[120.58421,14.88197],[120.58394,14.88197]]]}},{"type":"Feature","properties":{},"geometry":{"type":"Polygon","coordinates":[[[120.62598,14.87874],[120.62598,14.87847],[120.62571,14.87847],[120.62571,14.8782],[120.62759,14.8782],[120.62759,14.87847],[120.62625,14.87847],[120.62625,14.87874],[120.62598,14.87874]]]}},{"type":"Feature","properties":{},"geometry":{"type":"Polygon","coordinates":[[[120.57127,14.87766],[120.57127,14.87739],[120.57101,14.87739],[120.57101,14.87712],[120.57127,14.87712],[120.57127,14.87685],[120.57154,14.87685],[120.57154,14.87766],[120.57127,14.87766]]]}},{"type":"Feature","properties":{},"geometry":{"type":"Polygon","coordinates":[[[120.63756,14.87712],[120.63756,14.87685],[120.63783,14.87685],[120.63783,14.87658],[120.6381,14.87658],[120.6381,14.87712],[120.63756,14.87712]]]}},{"type":"Feature","properties":{},"geometry":{"type":"Polygon","coordinates":[[[120.6381,14.87658],[120.6381,14.87631],[120.63837,14.87631],[120.63837,14.87658],[120.6381,14.87658]]]}},{"type":"Feature","properties":{},"geometry":{"type":"Polygon","coordinates":[[[120.57154,14.87685],[120.57154,14.87658],[120.57101,14.87658],[120.57101,14.87604],[120.57154,14.87604],[120.57154,14.87631],[120.57181,14.87631],[120.57181,14.87685],[120.57154,14.87685]]]}},{"type":"Feature","properties":{},"geometry":{"type":"Polygon","coordinates":[[[120.57101,14.87577],[120.57101,14.87497],[120.57127,14.87497],[120.57127,14.8747],[120.57154,14.8747],[120.57154,14.87443],[120.57181,14.87443],[120.57181,14.87524],[120.57154,14.87524],[120.57154,14.87551],[120.57181,14.87551],[120.57181,14.87577],[120.57101,14.87577]]]}},{"type":"Feature","properties":{},"geometry":{"type":"Polygon","coordinates":[[[120.53651,14.87146],[120.53651,14.87119],[120.53678,14.87119],[120.53678,14.87146],[120.53651,14.87146]]]}},{"type":"Feature","properties":{},"geometry":{"type":"Polygon","coordinates":[[[120.59175,14.87092],[120.59175,14.87039],[120.59202,14.87039],[120.59202,14.87092],[120.59175,14.87092]]]}},{"type":"Feature","properties":{},"geometry":{"type":"Polygon","coordinates":[[[120.70736,14.87065],[120.70736,14.87012],[120.70763,14.87012],[120.70763,14.87039],[120.7079,14.87039],[120.7079,14.87065],[120.70736,14.87065]]]}},{"type":"Feature","properties":{},"geometry":{"type":"Polygon","coordinates":[[[120.70682,14.87012],[120.70682,14.86931],[120.70709,14.86931],[120.70709,14.86985],[120.70736,14.86985],[120.70736,14.87012],[120.70682,14.87012]]]}},{"type":"Feature","properties":{},"geometry":{"type":"Polygon","coordinates":[[[120.70655,14.86931],[120.70655,14.86904],[120.70682,14.86904],[120.70682,14.86931],[120.70655,14.86931]]]}},{"type":"Feature","properties":{},"geometry":{"type":"Polygon","coordinates":[[[120.69496,14.86796],[120.69496,14.86742],[120.69523,14.86742],[120.69523,14.86796],[120.69496,14.86796]]]}},{"type":"Feature","properties":{},"geometry":{"type":"Polygon","coordinates":[[[120.57047,14.86769],[120.57047,14.86742],[120.57074,14.86742],[120.57074,14.86715],[120.57101,14.86715],[120.57101,14.86769],[120.57047,14.86769]]]}},{"type":"Feature","properties":{},"geometry":{"type":"Polygon","coordinates":[[[120.57909,14.86715],[120.57909,14.86688],[120.57936,14.86688],[120.57936,14.86715],[120.57909,14.86715]]]}},{"type":"Feature","properties":{},"geometry":{"type":"Polygon","coordinates":[[[120.57963,14.86715],[120.57963,14.86688],[120.5799,14.86688],[120.5799,14.86715],[120.57963,14.86715]]]}},{"type":"Feature","properties":{},"geometry":{"type":"Polygon","coordinates":[[[120.57639,14.86661],[120.57639,14.86634],[120.57666,14.86634],[120.57666,14.86661],[120.57639,14.86661]]]}},{"type":"Feature","properties":{},"geometry":{"type":"Polygon","coordinates":[[[120.53732,14.86607],[120.53732,14.86553],[120.53759,14.86553],[120.53759,14.86527],[120.5384,14.86527],[120.5384,14.8658],[120.53813,14.8658],[120.53813,14.86607],[120.53732,14.86607]]]}},{"type":"Feature","properties":{},"geometry":{"type":"Polygon","coordinates":[[[120.63271,14.865],[120.63271,14.86473],[120.63244,14.86473],[120.63244,14.86446],[120.63298,14.86446],[120.63298,14.865],[120.63271,14.865]]]}},{"type":"Feature","properties":{},"geometry":{"type":"Polygon","coordinates":[[[120.70736,14.86284],[120.70736,14.86257],[120.70763,14.86257],[120.70763,14.86284],[120.70736,14.86284]]]}},{"type":"Feature","properties":{},"geometry":{"type":"Polygon","coordinates":[[[120.57451,14.86176],[120.57451,14.86149],[120.57478,14.86149],[120.57478,14.86176],[120.57451,14.86176]]]}},{"type":"Feature","properties":{},"geometry":{"type":"Polygon","coordinates":[[[120.70385,14.86176],[120.70385,14.86149],[120.70358,14.86149],[120.70358,14.86122],[120.70439,14.86122],[120.70439,14.86149],[120.70466,14.86149],[120.70466,14.86176],[120.70385,14.86176]]]}},{"type":"Feature","properties":{},"geometry":{"type":"Polygon","coordinates":[[[120.70305,14.86122],[120.70305,14.86095],[120.70331,14.86095],[120.70331,14.86122],[120.70305,14.86122]]]}},{"type":"Feature","properties":{},"geometry":{"type":"Polygon","coordinates":[[[120.58232,14.86095],[120.58232,14.86068],[120.58259,14.86068],[120.58259,14.86095],[120.58232,14.86095]]]}},{"type":"Feature","properties":{},"geometry":{"type":"Polygon","coordinates":[[[120.70278,14.86095],[120.70278,14.86068],[120.70305,14.86068],[120.70305,14.86095],[120.70278,14.86095]]]}},{"type":"Feature","properties":{},"geometry":{"type":"Polygon","coordinates":[[[120.70197,14.86095],[120.70197,14.86041],[120.70224,14.86041],[120.70224,14.86068],[120.70251,14.86068],[120.70251,14.86095],[120.70197,14.86095]]]}},{"type":"Feature","properties":{},"geometry":{"type":"Polygon","coordinates":[[[120.53328,14.86149],[120.53328,14.86122],[120.53274,14.86122],[120.53274,14.86068],[120.53328,14.86068],[120.53328,14.86041],[120.53355,14.86041],[120.53355,14.86015],[120.53382,14.86015],[120.53382,14.86068],[120.53409,14.86068],[120.53409,14.86122],[120.53382,14.86122],[120.53382,14.86149],[120.53328,14.86149]]]}},{"type":"Feature","properties":{},"geometry":{"type":"Polygon","coordinates":[[[120.70116,14.86015],[120.70116,14.85988],[120.70143,14.85988],[120.70143,14.86015],[120.70116,14.86015]]]}},{"type":"Feature","properties":{},"geometry":{"type":"Polygon","coordinates":[[[120.5896,14.85988],[120.5896,14.85934],[120.58987,14.85934],[120.58987,14.85988],[120.5896,14.85988]]]}},{"type":"Feature","properties":{},"geometry":{"type":"Polygon","coordinates":[[[120.5834,14.85907],[120.5834,14.8588],[120.58367,14.8588],[120.58367,14.85907],[120.5834,14.85907]]]}},{"type":"Feature","properties":{},"geometry":{"type":"Polygon","coordinates":[[[120.57909,14.85853],[120.57909,14.85826],[120.57936,14.85826],[120.57936,14.85853],[120.57909,14.85853]]]}},{"type":"Feature","properties":{},"geometry":{"type":"Polygon","coordinates":[[[120.56023,14.85745],[120.56023,14.85718],[120.56077,14.85718],[120.56077,14.85745],[120.56023,14.85745]]]}},{"type":"Feature","properties":{},"geometry":{"type":"Polygon","coordinates":[[[120.55969,14.85718],[120.55969,14.85691],[120.56023,14.85691],[120.56023,14.85718],[120.55969,14.85718]]]}},{"type":"Feature","properties":{},"geometry":{"type":"Polygon","coordinates":[[[120.70035,14.85691],[120.70035,14.85664],[120.70062,14.85664],[120.70062,14.85691],[120.70035,14.85691]]]}},{"type":"Feature","properties":{},"geometry":{"type":"Polygon","coordinates":[[[120.70008,14.85664],[120.70008,14.85637],[120.70035,14.85637],[120.70035,14.85664],[120.70008,14.85664]]]}},{"type":"Feature","properties":{},"geometry":{"type":"Polygon","coordinates":[[[120.59364,14.85691],[120.59364,14.8561],[120.59391,14.8561],[120.59391,14.85691],[120.59364,14.85691]]]}},{"type":"Feature","properties":{},"geometry":{"type":"Polygon","coordinates":[[[120.55834,14.8553],[120.55834,14.85503],[120.55861,14.85503],[120.55861,14.8553],[120.55834,14.8553]]]}},{"type":"Feature","properties":{},"geometry":{"type":"Polygon","coordinates":[[[120.5578,14.85476],[120.5578,14.85422],[120.55834,14.85422],[120.55834,14.85476],[120.5578,14.85476]]]}},{"type":"Feature","properties":{},"geometry":{"type":"Polygon","coordinates":[[[120.5869,14.85422],[120.5869,14.85395],[120.58529,14.85395],[120.58529,14.85341],[120.58583,14.85341],[120.58583,14.85314],[120.5869,14.85314],[120.5869,14.85368],[120.58717,14.85368],[120.58717,14.85422],[120.5869,14.85422]]]}},{"type":"Feature","properties":{},"geometry":{"type":"Polygon","coordinates":[[[120.69334,14.85341],[120.69334,14.85314],[120.69361,14.85314],[120.69361,14.85341],[120.69334,14.85341]]]}},{"type":"Feature","properties":{},"geometry":{"type":"Polygon","coordinates":[[[120.56238,14.85314],[120.56238,14.85287],[120.56265,14.85287],[120.56265,14.85314],[120.56238,14.85314]]]}},{"type":"Feature","properties":{},"geometry":{"type":"Polygon","coordinates":[[[120.69281,14.85314],[120.69281,14.85287],[120.69307,14.85287],[120.69307,14.85314],[120.69281,14.85314]]]}},{"type":"Feature","properties":{},"geometry":{"type":"Polygon","coordinates":[[[120.58744,14.85314],[120.58744,14.85287],[120.58825,14.85287],[120.58825,14.8526],[120.58906,14.8526],[120.58906,14.85287],[120.58852,14.85287],[120.58852,14.85314],[120.58744,14.85314]]]}},{"type":"Feature","properties":{},"geometry":{"type":"Polygon","coordinates":[[[120.69254,14.85287],[120.69254,14.8526],[120.69281,14.8526],[120.69281,14.85287],[120.69254,14.85287]]]}},{"type":"Feature","properties":{},"geometry":{"type":"Polygon","coordinates":[[[120.61708,14.85314],[120.61708,14.85233],[120.61762,14.85233],[120.61762,14.85314],[120.61708,14.85314]]]}},{"type":"Feature","properties":{},"geometry":{"type":"Polygon","coordinates":[[[120.58933,14.8526],[120.58933,14.85233],[120.58987,14.85233],[120.58987,14.8526],[120.58933,14.8526]]]}},{"type":"Feature","properties":{},"geometry":{"type":"Polygon","coordinates":[[[120.58502,14.85314],[120.58502,14.85287],[120.58448,14.85287],[120.58448,14.8526],[120.58421,14.8526],[120.58421,14.85233],[120.58394,14.85233],[120.58394,14.85206],[120.58529,14.85206],[120.58529,14.85233],[120.58556,14.85233],[120.58556,14.8526],[120.58583,14.8526],[120.58583,14.85233],[120.58771,14.85233],[120.58771,14.85206],[120.58879,14.85206],[120.58879,14.85233],[120.58825,14.85233],[120.58825,14.8526],[120.58663,14.8526],[120.58663,14.85287],[120.58556,14.85287],[120.58556,14.85314],[120.58502,14.85314]]]}},{"type":"Feature","properties":{},"geometry":{"type":"Polygon","coordinates":[[[120.58367,14.85206],[120.58367,14.85179],[120.58394,14.85179],[120.58394,14.85206],[120.58367,14.85206]]]}},{"type":"Feature","properties":{},"geometry":{"type":"Polygon","coordinates":[[[120.58906,14.85206],[120.58906,14.85179],[120.5896,14.85179],[120.5896,14.85206],[120.58906,14.85206]]]}},{"type":"Feature","properties":{},"geometry":{"type":"Polygon","coordinates":[[[120.59095,14.85206],[120.59095,14.85179],[120.59148,14.85179],[120.59148,14.85206],[120.59095,14.85206]]]}},{"type":"Feature","properties":{},"geometry":{"type":"Polygon","coordinates":[[[120.61628,14.85233],[120.61628,14.85206],[120.61601,14.85206],[120.61601,14.85179],[120.61655,14.85179],[120.61655,14.85206],[120.61708,14.85206],[120.61708,14.85233],[120.61628,14.85233]]]}},{"type":"Feature","properties":{},"geometry":{"type":"Polygon","coordinates":[[[120.69146,14.85206],[120.69146,14.85179],[120.69173,14.85179],[120.69173,14.85206],[120.69146,14.85206]]]}},{"type":"Feature","properties":{},"geometry":{"type":"Polygon","coordinates":[[[120.69119,14.85179],[120.69119,14.85152],[120.69146,14.85152],[120.69146,14.85179],[120.69119,14.85179]]]}},{"type":"Feature","properties":{},"geometry":{"type":"Polygon","coordinates":[[[120.69092,14.85152],[120.69092,14.85125],[120.69119,14.85125],[120.69119,14.85152],[120.69092,14.85152]]]}},{"type":"Feature","properties":{},"geometry":{"type":"Polygon","coordinates":[[[120.69065,14.85125],[120.69065,14.85098],[120.69092,14.85098],[120.69092,14.85125],[120.69065,14.85125]]]}},{"type":"Feature","properties":{},"geometry":{"type":"Polygon","coordinates":[[[120.69038,14.85098],[120.69038,14.85044],[120.69065,14.85044],[120.69065,14.85098],[120.69038,14.85098]]]}},{"type":"Feature","properties":{},"geometry":{"type":"Polygon","coordinates":[[[120.69011,14.85018],[120.69011,14.84991],[120.69038,14.84991],[120.69038,14.85018],[120.69011,14.85018]]]}},{"type":"Feature","properties":{},"geometry":{"type":"Polygon","coordinates":[[[120.6893,14.84991],[120.6893,14.84964],[120.69011,14.84964],[120.69011,14.84991],[120.6893,14.84991]]]}},{"type":"Feature","properties":{},"geometry":{"type":"Polygon","coordinates":[[[120.69469,14.84991],[120.69469,14.84964],[120.69496,14.84964],[120.69496,14.84991],[120.69469,14.84991]]]}},{"type":"Feature","properties":{},"geometry":{"type":"Polygon","coordinates":[[[120.58071,14.84964],[120.58071,14.8491],[120.58098,14.8491],[120.58098,14.84964],[120.58071,14.84964]]]}},{"type":"Feature","properties":{},"geometry":{"type":"Polygon","coordinates":[[[120.58044,14.8491],[120.58044,14.84883],[120.58071,14.84883],[120.58071,14.8491],[120.58044,14.8491]]]}},{"type":"Feature","properties":{},"geometry":{"type":"Polygon","coordinates":[[[120.58259,14.85125],[120.58259,14.85071],[120.58205,14.85071],[120.58205,14.84991],[120.58178,14.84991],[120.58178,14.84937],[120.58151,14.84937],[120.58151,14.84856],[120.58178,14.84856],[120.58178,14.84883],[120.58205,14.84883],[120.58205,14.84937],[120.58232,14.84937],[120.58232,14.84991],[120.58259,14.84991],[120.58259,14.85044],[120.58286,14.85044],[120.58286,14.85098],[120.58313,14.85098],[120.58313,14.85125],[120.58259,14.85125]]]}},{"type":"Feature","properties":{},"geometry":{"type":"Polygon","coordinates":[[[120.54325,14.84883],[120.54325,14.84856],[120.54379,14.84856],[120.54379,14.84883],[120.54325,14.84883]]]}},{"type":"Feature","properties":{},"geometry":{"type":"Polygon","coordinates":[[[120.54433,14.84829],[120.54433,14.84775],[120.5446,14.84775],[120.5446,14.84802],[120.54487,14.84802],[120.54487,14.84829],[120.54433,14.84829]]]}},{"type":"Feature","properties":{},"geometry":{"type":"Polygon","coordinates":[[[120.56508,14.84748],[120.56508,14.84694],[120.56535,14.84694],[120.56535,14.84748],[120.56508,14.84748]]]}},{"type":"Feature","properties":{},"geometry":{"type":"Polygon","coordinates":[[[120.5799,14.84856],[120.5799,14.84829],[120.57963,14.84829],[120.57963,14.84802],[120.57936,14.84802],[120.57936,14.84775],[120.57909,14.84775],[120.57909,14.84748],[120.57855,14.84748],[120.57855,14.84721],[120.57828,14.84721],[120.57828,14.84694],[120.57909,14.84694],[120.57909,14.84721],[120.57936,14.84721],[120.57936,14.84748],[120.57963,14.84748],[120.57963,14.84775],[120.58017,14.84775],[120.58017,14.84856],[120.5799,14.84856]]]}},{"type":"Feature","properties":{},"geometry":{"type":"Polygon","coordinates":[[[120.55241,14.84694],[120.55241,14.84667],[120.55268,14.84667],[120.55268,14.84694],[120.55241,14.84694]]]}},{"type":"Feature","properties":{},"geometry":{"type":"Polygon","coordinates":[[[120.56454,14.84559],[120.56454,14.84532],[120.56481,14.84532],[120.56481,14.84559],[120.56454,14.84559]]]}},{"type":"Feature","properties":{},"geometry":{"type":"Polygon","coordinates":[[[120.56508,14.84559],[120.56508,14.84532],[120.56535,14.84532],[120.56535,14.84559],[120.56508,14.84559]]]}},{"type":"Feature","properties":{},"geometry":{"type":"Polygon","coordinates":[[[120.77769,14.84586],[120.77769,14.84559],[120.77742,14.84559],[120.77742,14.84532],[120.77796,14.84532],[120.77796,14.84586],[120.77769,14.84586]]]}},{"type":"Feature","properties":{},"geometry":{"type":"Polygon","coordinates":[[[120.56454,14.84506],[120.56454,14.84479],[120.56481,14.84479],[120.56481,14.84506],[120.56454,14.84506]]]}},{"type":"Feature","properties":{},"geometry":{"type":"Polygon","coordinates":[[[120.56508,14.84425],[120.56508,14.84344],[120.56535,14.84344],[120.56535,14.84317],[120.56589,14.84317],[120.56589,14.84344],[120.56615,14.84344],[120.56615,14.84371],[120.56535,14.84371],[120.56535,14.84425],[120.56508,14.84425]]]}},{"type":"Feature","properties":{},"geometry":{"type":"Polygon","coordinates":[[[120.55645,14.84398],[120.55645,14.84344],[120.55726,14.84344],[120.55726,14.84317],[120.5578,14.84317],[120.5578,14.84371],[120.55726,14.84371],[120.55726,14.84398],[120.55645,14.84398]]]}},{"type":"Feature","properties":{},"geometry":{"type":"Polygon","coordinates":[[[120.55807,14.84344],[120.55807,14.8429],[120.55861,14.8429],[120.55861,14.84317],[120.55834,14.84317],[120.55834,14.84344],[120.55807,14.84344]]]}},{"type":"Feature","properties":{},"geometry":{"type":"Polygon","coordinates":[[[120.73565,14.84344],[120.73565,14.84263],[120.73592,14.84263],[120.73592,14.84344],[120.73565,14.84344]]]}},{"type":"Feature","properties":{},"geometry":{"type":"Polygon","coordinates":[[[120.56615,14.8429],[120.56615,14.84236],[120.56589,14.84236],[120.56589,14.84128],[120.56615,14.84128],[120.56615,14.84209],[120.56669,14.84209],[120.56669,14.8429],[120.56615,14.8429]]]}},{"type":"Feature","properties":{},"geometry":{"type":"Polygon","coordinates":[[[120.56642,14.84074],[120.56642,14.84047],[120.56669,14.84047],[120.56669,14.84074],[120.56642,14.84074]]]}},{"type":"Feature","properties":{},"geometry":{"type":"Polygon","coordinates":[[[120.7184,14.8402],[120.7184,14.83994],[120.71867,14.83994],[120.71867,14.8402],[120.7184,14.8402]]]}},{"type":"Feature","properties":{},"geometry":{"type":"Polygon","coordinates":[[[120.71867,14.83994],[120.71867,14.83967],[120.71921,14.83967],[120.71921,14.83994],[120.71867,14.83994]]]}},{"type":"Feature","properties":{},"geometry":{"type":"Polygon","coordinates":[[[120.60604,14.84047],[120.60604,14.8402],[120.6055,14.8402],[120.6055,14.83994],[120.60523,14.83994],[120.60523,14.83967],[120.60496,14.83967],[120.60496,14.8394],[120.60469,14.8394],[120.60469,14.83913],[120.60442,14.83913],[120.60442,14.83859],[120.60469,14.83859],[120.60469,14.83886],[120.60496,14.83886],[120.60496,14.83913],[120.60523,14.83913],[120.60523,14.8394],[120.6055,14.8394],[120.6055,14.83967],[120.60577,14.83967],[120.60577,14.83994],[120.60631,14.83994],[120.60631,14.8402],[120.60792,14.8402],[120.60792,14.84047],[120.60604,14.84047]]]}},{"type":"Feature","properties":{},"geometry":{"type":"Polygon","coordinates":[[[120.60415,14.83859],[120.60415,14.83832],[120.60442,14.83832],[120.60442,14.83859],[120.60415,14.83859]]]}},{"type":"Feature","properties":{},"geometry":{"type":"Polygon","coordinates":[[[120.55349,14.83832],[120.55349,14.83751],[120.55376,14.83751],[120.55376,14.83832],[120.55349,14.83832]]]}},{"type":"Feature","properties":{},"geometry":{"type":"Polygon","coordinates":[[[120.60253,14.83778],[120.60253,14.83751],[120.6028,14.83751],[120.6028,14.83778],[120.60253,14.83778]]]}},{"type":"Feature","properties":{},"geometry":{"type":"Polygon","coordinates":[[[120.60226,14.83751],[120.60226,14.83724],[120.60253,14.83724],[120.60253,14.83751],[120.60226,14.83751]]]}},{"type":"Feature","properties":{},"geometry":{"type":"Polygon","coordinates":[[[120.60388,14.83832],[120.60388,14.83805],[120.60361,14.83805],[120.60361,14.83778],[120.60334,14.83778],[120.60334,14.83724],[120.60307,14.83724],[120.60307,14.83697],[120.60361,14.83697],[120.60361,14.83724],[120.60388,14.83724],[120.60388,14.83778],[120.60415,14.83778],[120.60415,14.83832],[120.60388,14.83832]]]}},{"type":"Feature","properties":{},"geometry":{"type":"Polygon","coordinates":[[[120.79574,14.83697],[120.79574,14.8367],[120.79655,14.8367],[120.79655,14.83697],[120.79574,14.83697]]]}},{"type":"Feature","properties":{},"geometry":{"type":"Polygon","coordinates":[[[120.55349,14.83724],[120.55349,14.83643],[120.55376,14.83643],[120.55376,14.83724],[120.55349,14.83724]]]}},{"type":"Feature","properties":{},"geometry":{"type":"Polygon","coordinates":[[[120.79413,14.83643],[120.79413,14.83589],[120.7944,14.83589],[120.7944,14.83643],[120.79413,14.83643]]]}},{"type":"Feature","properties":{},"geometry":{"type":"Polygon","coordinates":[[[120.80167,14.83562],[120.80167,14.83535],[120.80194,14.83535],[120.80194,14.83562],[120.80167,14.83562]]]}},{"type":"Feature","properties":{},"geometry":{"type":"Polygon","coordinates":[[[120.80113,14.83535],[120.80113,14.83508],[120.80167,14.83508],[120.80167,14.83535],[120.80113,14.83535]]]}},{"type":"Feature","properties":{},"geometry":{"type":"Polygon","coordinates":[[[120.79709,14.83535],[120.79709,14.83455],[120.79763,14.83455],[120.79763,14.83482],[120.79736,14.83482],[120.79736,14.83535],[120.79709,14.83535]]]}},{"type":"Feature","properties":{},"geometry":{"type":"Polygon","coordinates":[[[120.68176,14.83508],[120.68176,14.83482],[120.68203,14.83482],[120.68203,14.83455],[120.6823,14.83455],[120.6823,14.83508],[120.68176,14.83508]]]}},{"type":"Feature","properties":{},"geometry":{"type":"Polygon","coordinates":[[[120.6028,14.83482],[120.6028,14.83455],[120.60307,14.83455],[120.60307,14.83482],[120.6028,14.83482]]]}},{"type":"Feature","properties":{},"geometry":{"type":"Polygon","coordinates":[[[120.79817,14.83482],[120.79817,14.83455],[120.79898,14.83455],[120.79898,14.83482],[120.79817,14.83482]]]}},{"type":"Feature","properties":{},"geometry":{"type":"Polygon","coordinates":[[[120.79951,14.83482],[120.79951,14.83428],[120.79978,14.83428],[120.79978,14.83455],[120.80005,14.83455],[120.80005,14.83482],[120.79951,14.83482]]]}},{"type":"Feature","properties":{},"geometry":{"type":"Polygon","coordinates":[[[120.60307,14.83455],[120.60307,14.83428],[120.60334,14.83428],[120.60334,14.83455],[120.60307,14.83455]]]}},{"type":"Feature","properties":{},"geometry":{"type":"Polygon","coordinates":[[[120.79763,14.83455],[120.79763,14.83428],[120.79817,14.83428],[120.79817,14.83455],[120.79763,14.83455]]]}},{"type":"Feature","properties":{},"geometry":{"type":"Polygon","coordinates":[[[120.80625,14.83428],[120.80625,14.83401],[120.80652,14.83401],[120.80652,14.83428],[120.80625,14.83428]]]}},{"type":"Feature","properties":{},"geometry":{"type":"Polygon","coordinates":[[[120.79601,14.83428],[120.79601,14.83374],[120.79628,14.83374],[120.79628,14.83428],[120.79601,14.83428]]]}},{"type":"Feature","properties":{},"geometry":{"type":"Polygon","coordinates":[[[120.80598,14.8332],[120.80598,14.83266],[120.80625,14.83266],[120.80625,14.8332],[120.80598,14.8332]]]}},{"type":"Feature","properties":{},"geometry":{"type":"Polygon","coordinates":[[[120.56346,14.83266],[120.56346,14.83239],[120.56373,14.83239],[120.56373,14.83266],[120.56346,14.83266]]]}},{"type":"Feature","properties":{},"geometry":{"type":"Polygon","coordinates":[[[120.76502,14.83347],[120.76502,14.83212],[120.76529,14.83212],[120.76529,14.83239],[120.76556,14.83239],[120.76556,14.8332],[120.76529,14.8332],[120.76529,14.83347],[120.76502,14.83347]]]}},{"type":"Feature","properties":{},"geometry":{"type":"Polygon","coordinates":[[[120.56319,14.83239],[120.56319,14.83212],[120.56346,14.83212],[120.56346,14.83239],[120.56319,14.83239]]]}},{"type":"Feature","properties":{},"geometry":{"type":"Polygon","coordinates":[[[120.60469,14.83239],[120.60469,14.83212],[120.60496,14.83212],[120.60496,14.83239],[120.60469,14.83239]]]}},{"type":"Feature","properties":{},"geometry":{"type":"Polygon","coordinates":[[[120.80544,14.83239],[120.80544,14.83212],[120.80571,14.83212],[120.80571,14.83239],[120.80544,14.83239]]]}},{"type":"Feature","properties":{},"geometry":{"type":"Polygon","coordinates":[[[120.80625,14.83239],[120.80625,14.83212],[120.80652,14.83212],[120.80652,14.83239],[120.80625,14.83239]]]}},{"type":"Feature","properties":{},"geometry":{"type":"Polygon","coordinates":[[[120.80437,14.83239],[120.80437,14.83212],[120.80463,14.83212],[120.80463,14.83185],[120.8049,14.83185],[120.8049,14.83239],[120.80437,14.83239]]]}},{"type":"Feature","properties":{},"geometry":{"type":"Polygon","coordinates":[[[120.60334,14.83212],[120.60334,14.83185],[120.6028,14.83185],[120.6028,14.83158],[120.60361,14.83158],[120.60361,14.83212],[120.60334,14.83212]]]}},{"type":"Feature","properties":{},"geometry":{"type":"Polygon","coordinates":[[[120.80625,14.83077],[120.80625,14.8305],[120.80652,14.8305],[120.80652,14.83077],[120.80625,14.83077]]]}},{"type":"Feature","properties":{},"geometry":{"type":"Polygon","coordinates":[[[120.80463,14.83104],[120.80463,14.83077],[120.8049,14.83077],[120.8049,14.8305],[120.80517,14.8305],[120.80517,14.83023],[120.80544,14.83023],[120.80544,14.82996],[120.80571,14.82996],[120.80571,14.83023],[120.80598,14.83023],[120.80598,14.83077],[120.80517,14.83077],[120.80517,14.83104],[120.80463,14.83104]]]}},{"type":"Feature","properties":{},"geometry":{"type":"Polygon","coordinates":[[[120.80517,14.82996],[120.80517,14.82943],[120.80544,14.82943],[120.80544,14.82996],[120.80517,14.82996]]]}},{"type":"Feature","properties":{},"geometry":{"type":"Polygon","coordinates":[[[120.76745,14.8297],[120.76745,14.82916],[120.76772,14.82916],[120.76772,14.8297],[120.76745,14.8297]]]}},{"type":"Feature","properties":{},"geometry":{"type":"Polygon","coordinates":[[[120.59553,14.82835],[120.59553,14.82808],[120.5958,14.82808],[120.5958,14.82835],[120.59553,14.82835]]]}},{"type":"Feature","properties":{},"geometry":{"type":"Polygon","coordinates":[[[120.81299,14.82808],[120.81299,14.82781],[120.81353,14.82781],[120.81353,14.82754],[120.81434,14.82754],[120.81434,14.82781],[120.8138,14.82781],[120.8138,14.82808],[120.81299,14.82808]]]}},{"type":"Feature","properties":{},"geometry":{"type":"Polygon","coordinates":[[[120.59445,14.82808],[120.59445,14.82781],[120.59418,14.82781],[120.59418,14.82754],[120.59472,14.82754],[120.59472,14.82808],[120.59445,14.82808]]]}},{"type":"Feature","properties":{},"geometry":{"type":"Polygon","coordinates":[[[120.7661,14.83077],[120.7661,14.83023],[120.76556,14.83023],[120.76556,14.82996],[120.76448,14.82996],[120.76448,14.8297],[120.76475,14.8297],[120.76475,14.82943],[120.76448,14.82943],[120.76448,14.82862],[120.76421,14.82862],[120.76421,14.82754],[120.76448,14.82754],[120.76448,14.82727],[120.76529,14.82727],[120.76529,14.82862],[120.76556,14.82862],[120.76556,14.82916],[120.76583,14.82916],[120.76583,14.8297],[120.76664,14.8297],[120.76664,14.82943],[120.76718,14.82943],[120.76718,14.8297],[120.76745,14.8297],[120.76745,14.83077],[120.7661,14.83077]]]}},{"type":"Feature","properties":{},"geometry":{"type":"Polygon","coordinates":[[[120.81541,14.82781],[120.81541,14.82754],[120.81622,14.82754],[120.81622,14.82727],[120.81676,14.82727],[120.81676,14.82781],[120.81541,14.82781]]]}},{"type":"Feature","properties":{},"geometry":{"type":"Polygon","coordinates":[[[120.79547,14.82754],[120.79547,14.82727],[120.79574,14.82727],[120.79574,14.82754],[120.79547,14.82754]]]}},{"type":"Feature","properties":{},"geometry":{"type":"Polygon","coordinates":[[[120.79844,14.82835],[120.79844,14.82781],[120.79871,14.82781],[120.79871,14.82754],[120.79898,14.82754],[120.79898,14.827],[120.79925,14.827],[120.79925,14.82781],[120.79898,14.82781],[120.79898,14.82808],[120.79871,14.82808],[120.79871,14.82835],[120.79844,14.82835]]]}},{"type":"Feature","properties":{},"geometry":{"type":"Polygon","coordinates":[[[120.52493,14.82862],[120.52493,14.82835],[120.5252,14.82835],[120.5252,14.82808],[120.52493,14.82808],[120.52493,14.82673],[120.5252,14.82673],[120.5252,14.82754],[120.52546,14.82754],[120.52546,14.82862],[120.52493,14.82862]]]}},{"type":"Feature","properties":{},"geometry":{"type":"Polygon","coordinates":[[[120.79709,14.827],[120.79709,14.82673],[120.79736,14.82673],[120.79736,14.827],[120.79709,14.827]]]}},{"type":"Feature","properties":{},"geometry":{"type":"Polygon","coordinates":[[[120.79951,14.82727],[120.79951,14.827],[120.79925,14.827],[120.79925,14.82673],[120.80005,14.82673],[120.80005,14.82646],[120.80032,14.82646],[120.80032,14.827],[120.79978,14.827],[120.79978,14.82727],[120.79951,14.82727]]]}},{"type":"Feature","properties":{},"geometry":{"type":"Polygon","coordinates":[[[120.59634,14.82727],[120.59634,14.827],[120.5958,14.827],[120.5958,14.82673],[120.59553,14.82673],[120.59553,14.82646],[120.59634,14.82646],[120.59634,14.82673],[120.59741,14.82673],[120.59741,14.82727],[120.59634,14.82727]]]}},{"type":"Feature","properties":{},"geometry":{"type":"Polygon","coordinates":[[[120.80248,14.82673],[120.80248,14.82619],[120.80302,14.82619],[120.80302,14.82673],[120.80248,14.82673]]]}},{"type":"Feature","properties":{},"geometry":{"type":"Polygon","coordinates":[[[120.77392,14.82754],[120.77392,14.827],[120.77418,14.827],[120.77418,14.82619],[120.77445,14.82619],[120.77445,14.82592],[120.77472,14.82592],[120.77472,14.82646],[120.77445,14.82646],[120.77445,14.82727],[120.77418,14.82727],[120.77418,14.82754],[120.77392,14.82754]]]}},{"type":"Feature","properties":{},"geometry":{"type":"Polygon","coordinates":[[[120.78065,14.82646],[120.78065,14.82592],[120.78092,14.82592],[120.78092,14.82646],[120.78065,14.82646]]]}},{"type":"Feature","properties":{},"geometry":{"type":"Polygon","coordinates":[[[120.80059,14.827],[120.80059,14.82619],[120.80005,14.82619],[120.80005,14.82646],[120.79978,14.82646],[120.79978,14.82592],[120.80086,14.82592],[120.80086,14.82619],[120.80113,14.82619],[120.80113,14.82646],[120.80086,14.82646],[120.80086,14.82673],[120.80167,14.82673],[120.80167,14.82592],[120.80221,14.82592],[120.80221,14.82673],[120.80194,14.82673],[120.80194,14.827],[120.80059,14.827]]]}},{"type":"Feature","properties":{},"geometry":{"type":"Polygon","coordinates":[[[120.77661,14.82592],[120.77661,14.82565],[120.77688,14.82565],[120.77688,14.82592],[120.77661,14.82592]]]}},{"type":"Feature","properties":{},"geometry":{"type":"Polygon","coordinates":[[[120.76826,14.82996],[120.76826,14.8297],[120.76799,14.8297],[120.76799,14.82916],[120.76772,14.82916],[120.76772,14.82808],[120.76853,14.82808],[120.76853,14.82781],[120.7688,14.82781],[120.7688,14.82808],[120.76906,14.82808],[120.76906,14.82781],[120.7696,14.82781],[120.7696,14.82754],[120.77014,14.82754],[120.77014,14.82727],[120.77041,14.82727],[120.77041,14.82673],[120.77014,14.82673],[120.77014,14.82646],[120.76987,14.82646],[120.76987,14.82619],[120.7696,14.82619],[120.7696,14.82538],[120.76987,14.82538],[120.76987,14.82511],[120.77176,14.82511],[120.77176,14.82538],[120.7723,14.82538],[120.7723,14.82511],[120.77257,14.82511],[120.77257,14.82485],[120.77284,14.82485],[120.77284,14.82511],[120.77311,14.82511],[120.77311,14.82538],[120.77338,14.82538],[120.77338,14.82646],[120.77311,14.82646],[120.77311,14.827],[120.77338,14.827],[120.77338,14.82862],[120.77284,14.82862],[120.77284,14.82916],[120.77203,14.82916],[120.77203,14.82889],[120.77122,14.82889],[120.77122,14.82862],[120.77041,14.82862],[120.77041,14.82835],[120.76987,14.82835],[120.76987,14.82808],[120.7696,14.82808],[120.7696,14.82916],[120.76933,14.82916],[120.76933,14.82943],[120.76906,14.82943],[120.76906,14.82996],[120.76826,14.82996]]]}},{"type":"Feature","properties":{},"geometry":{"type":"Polygon","coordinates":[[[120.78227,14.82511],[120.78227,14.82485],[120.78254,14.82485],[120.78254,14.82511],[120.78227,14.82511]]]}},{"type":"Feature","properties":{},"geometry":{"type":"Polygon","coordinates":[[[120.54945,14.82592],[120.54945,14.82538],[120.54999,14.82538],[120.54999,14.82511],[120.55026,14.82511],[120.55026,14.82485],[120.55079,14.82485],[120.55079,14.82458],[120.55133,14.82458],[120.55133,14.82485],[120.55106,14.82485],[120.55106,14.82511],[120.5516,14.82511],[120.5516,14.82592],[120.54945,14.82592]]]}},{"type":"Feature","properties":{},"geometry":{"type":"Polygon","coordinates":[[[120.78173,14.82511],[120.78173,14.82458],[120.78227,14.82458],[120.78227,14.82485],[120.782,14.82485],[120.782,14.82511],[120.78173,14.82511]]]}},{"type":"Feature","properties":{},"geometry":{"type":"Polygon","coordinates":[[[120.7944,14.82511],[120.7944,14.82458],[120.79466,14.82458],[120.79466,14.82511],[120.7944,14.82511]]]}},{"type":"Feature","properties":{},"geometry":{"type":"Polygon","coordinates":[[[120.79601,14.82511],[120.79601,14.82458],[120.79628,14.82458],[120.79628,14.82511],[120.79601,14.82511]]]}},{"type":"Feature","properties":{},"geometry":{"type":"Polygon","coordinates":[[[120.54783,14.82485],[120.54783,14.82431],[120.5481,14.82431],[120.5481,14.82485],[120.54783,14.82485]]]}},{"type":"Feature","properties":{},"geometry":{"type":"Polygon","coordinates":[[[120.67502,14.82511],[120.67502,14.82485],[120.67475,14.82485],[120.67475,14.82458],[120.67448,14.82458],[120.67448,14.82431],[120.67502,14.82431],[120.67502,14.82458],[120.67529,14.82458],[120.67529,14.82511],[120.67502,14.82511]]]}},{"type":"Feature","properties":{},"geometry":{"type":"Polygon","coordinates":[[[120.55106,14.82431],[120.55106,14.82404],[120.55133,14.82404],[120.55133,14.82431],[120.55106,14.82431]]]}},{"type":"Feature","properties":{},"geometry":{"type":"Polygon","coordinates":[[[120.76906,14.82431],[120.76906,14.82404],[120.7696,14.82404],[120.7696,14.82431],[120.76906,14.82431]]]}},{"type":"Feature","properties":{},"geometry":{"type":"Polygon","coordinates":[[[120.79143,14.82431],[120.79143,14.82377],[120.79197,14.82377],[120.79197,14.82431],[120.79143,14.82431]]]}},{"type":"Feature","properties":{},"geometry":{"type":"Polygon","coordinates":[[[120.76826,14.82431],[120.76826,14.8235],[120.7688,14.8235],[120.7688,14.82404],[120.76853,14.82404],[120.76853,14.82431],[120.76826,14.82431]]]}},{"type":"Feature","properties":{},"geometry":{"type":"Polygon","coordinates":[[[120.83589,14.82458],[120.83589,14.82431],[120.83535,14.82431],[120.83535,14.82404],[120.83508,14.82404],[120.83508,14.82431],[120.83482,14.82431],[120.83482,14.82377],[120.83508,14.82377],[120.83508,14.8235],[120.83535,14.8235],[120.83535,14.82377],[120.83589,14.82377],[120.83589,14.82404],[120.83616,14.82404],[120.83616,14.82431],[120.83643,14.82431],[120.83643,14.82458],[120.83589,14.82458]]]}},{"type":"Feature","properties":{},"geometry":{"type":"Polygon","coordinates":[[[120.79332,14.82431],[120.79332,14.82404],[120.79305,14.82404],[120.79305,14.8235],[120.79386,14.8235],[120.79386,14.82377],[120.79413,14.82377],[120.79413,14.82431],[120.79386,14.82431],[120.79386,14.82404],[120.79359,14.82404],[120.79359,14.82431],[120.79332,14.82431]]]}},{"type":"Feature","properties":{},"geometry":{"type":"Polygon","coordinates":[[[120.62113,14.82377],[120.62113,14.8235],[120.6214,14.8235],[120.6214,14.82377],[120.62113,14.82377]]]}},{"type":"Feature","properties":{},"geometry":{"type":"Polygon","coordinates":[[[120.5993,14.82458],[120.5993,14.82377],[120.59903,14.82377],[120.59903,14.8235],[120.59876,14.8235],[120.59876,14.82323],[120.59849,14.82323],[120.59849,14.82269],[120.59876,14.82269],[120.59876,14.82296],[120.59903,14.82296],[120.59903,14.82323],[120.5993,14.82323],[120.5993,14.8235],[120.59957,14.8235],[120.59957,14.82458],[120.5993,14.82458]]]}},{"type":"Feature","properties":{},"geometry":{"type":"Polygon","coordinates":[[[120.79682,14.82592],[120.79682,14.82565],[120.79655,14.82565],[120.79655,14.82511],[120.79682,14.82511],[120.79682,14.82242],[120.79736,14.82242],[120.79736,14.82269],[120.7979,14.82269],[120.7979,14.82538],[120.79763,14.82538],[120.79763,14.82592],[120.79682,14.82592]]]}},{"type":"Feature","properties":{},"geometry":{"type":"Polygon","coordinates":[[[120.77149,14.82269],[120.77149,14.82242],[120.77203,14.82242],[120.77203,14.82269],[120.77149,14.82269]]]}},{"type":"Feature","properties":{},"geometry":{"type":"Polygon","coordinates":[[[120.77095,14.82269],[120.77095,14.82215],[120.77149,14.82215],[120.77149,14.82242],[120.77122,14.82242],[120.77122,14.82269],[120.77095,14.82269]]]}},{"type":"Feature","properties":{},"geometry":{"type":"Polygon","coordinates":[[[120.76933,14.82242],[120.76933,14.82215],[120.77014,14.82215],[120.77014,14.82242],[120.76933,14.82242]]]}},{"type":"Feature","properties":{},"geometry":{"type":"Polygon","coordinates":[[[120.75694,14.82565],[120.75694,14.82538],[120.75667,14.82538],[120.75667,14.82458],[120.75694,14.82458],[120.75694,14.82431],[120.75613,14.82431],[120.75613,14.82404],[120.75586,14.82404],[120.75586,14.82323],[120.7564,14.82323],[120.7564,14.8235],[120.75721,14.8235],[120.75721,14.82323],[120.75694,14.82323],[120.75694,14.82296],[120.75667,14.82296],[120.75667,14.82242],[120.75721,14.82242],[120.75721,14.82215],[120.75748,14.82215],[120.75748,14.82188],[120.75775,14.82188],[120.75775,14.8235],[120.75748,14.8235],[120.75748,14.82377],[120.75829,14.82377],[120.75829,14.82404],[120.75856,14.82404],[120.75856,14.82431],[120.75829,14.82431],[120.75829,14.82458],[120.75775,14.82458],[120.75775,14.82485],[120.75748,14.82485],[120.75748,14.82565],[120.75694,14.82565]]]}},{"type":"Feature","properties":{},"geometry":{"type":"Polygon","coordinates":[[[120.76098,14.82404],[120.76098,14.82377],[120.7599,14.82377],[120.7599,14.8235],[120.75963,14.8235],[120.75963,14.82323],[120.75936,14.82323],[120.75936,14.82215],[120.75909,14.82215],[120.75909,14.82188],[120.7599,14.82188],[120.7599,14.82215],[120.76071,14.82215],[120.76071,14.82269],[120.76098,14.82269],[120.76098,14.82296],[120.76071,14.82296],[120.76071,14.82323],[120.76098,14.82323],[120.76098,14.8235],[120.76152,14.8235],[120.76152,14.82377],[120.76125,14.82377],[120.76125,14.82404],[120.76098,14.82404]]]}},{"type":"Feature","properties":{},"geometry":{"type":"Polygon","coordinates":[[[120.77068,14.82215],[120.77068,14.82188],[120.77095,14.82188],[120.77095,14.82215],[120.77068,14.82215]]]}},{"type":"Feature","properties":{},"geometry":{"type":"Polygon","coordinates":[[[120.79547,14.82215],[120.79547,14.82188],[120.79574,14.82188],[120.79574,14.82215],[120.79547,14.82215]]]}},{"type":"Feature","properties":{},"geometry":{"type":"Polygon","coordinates":[[[120.7952,14.82188],[120.7952,14.82161],[120.79547,14.82161],[120.79547,14.82188],[120.7952,14.82188]]]}},{"type":"Feature","properties":{},"geometry":{"type":"Polygon","coordinates":[[[120.80275,14.82377],[120.80275,14.82323],[120.80302,14.82323],[120.80302,14.82242],[120.80329,14.82242],[120.80329,14.82188],[120.80383,14.82188],[120.80383,14.82161],[120.8041,14.82161],[120.8041,14.82134],[120.80463,14.82134],[120.80463,14.82161],[120.80437,14.82161],[120.80437,14.82188],[120.8041,14.82188],[120.8041,14.82269],[120.80383,14.82269],[120.80383,14.82296],[120.80356,14.82296],[120.80356,14.82323],[120.80329,14.82323],[120.80329,14.8235],[120.80302,14.8235],[120.80302,14.82377],[120.80275,14.82377]]]}},{"type":"Feature","properties":{},"geometry":{"type":"Polygon","coordinates":[[[120.78496,14.82215],[120.78496,14.82188],[120.78389,14.82188],[120.78389,14.82161],[120.78362,14.82161],[120.78362,14.82134],[120.78442,14.82134],[120.78442,14.82161],[120.78523,14.82161],[120.78523,14.82188],[120.7855,14.82188],[120.7855,14.82215],[120.78496,14.82215]]]}},{"type":"Feature","properties":{},"geometry":{"type":"Polygon","coordinates":[[[120.77014,14.82134],[120.77014,14.82107],[120.77041,14.82107],[120.77041,14.82134],[120.77014,14.82134]]]}},{"type":"Feature","properties":{},"geometry":{"type":"Polygon","coordinates":[[[120.79466,14.82107],[120.79466,14.8208],[120.79493,14.8208],[120.79493,14.82107],[120.79466,14.82107]]]}},{"type":"Feature","properties":{},"geometry":{"type":"Polygon","coordinates":[[[120.83562,14.82134],[120.83562,14.82107],[120.83508,14.82107],[120.83508,14.82053],[120.83562,14.82053],[120.83562,14.8208],[120.83589,14.8208],[120.83589,14.82134],[120.83562,14.82134]]]}},{"type":"Feature","properties":{},"geometry":{"type":"Polygon","coordinates":[[[120.77984,14.82673],[120.77984,14.82646],[120.77957,14.82646],[120.77957,14.82619],[120.77904,14.82619],[120.77904,14.82646],[120.77823,14.82646],[120.77823,14.82619],[120.77769,14.82619],[120.77769,14.82592],[120.77796,14.82592],[120.77796,14.82538],[120.7785,14.82538],[120.7785,14.82511],[120.7793,14.82511],[120.7793,14.82404],[120.77877,14.82404],[120.77877,14.82377],[120.7785,14.82377],[120.7785,14.8235],[120.77796,14.8235],[120.77796,14.82323],[120.77769,14.82323],[120.77769,14.82269],[120.77823,14.82269],[120.77823,14.82161],[120.7785,14.82161],[120.7785,14.82134],[120.77877,14.82134],[120.77877,14.82053],[120.78011,14.82053],[120.78011,14.82026],[120.78092,14.82026],[120.78092,14.82053],[120.78119,14.82053],[120.78119,14.8208],[120.78227,14.8208],[120.78227,14.82107],[120.78254,14.82107],[120.78254,14.82134],[120.78281,14.82134],[120.78281,14.82161],[120.78335,14.82161],[120.78335,14.82215],[120.78308,14.82215],[120.78308,14.82188],[120.78281,14.82188],[120.78281,14.82215],[120.78254,14.82215],[120.78254,14.82269],[120.782,14.82269],[120.782,14.82242],[120.78227,14.82242],[120.78227,14.82188],[120.78146,14.82188],[120.78146,14.82161],[120.78092,14.82161],[120.78092,14.82134],[120.77984,14.82134],[120.77984,14.82161],[120.77957,14.82161],[120.77957,14.82188],[120.78092,14.82188],[120.78092,14.82215],[120.78119,14.82215],[120.78119,14.8235],[120.78146,14.8235],[120.78146,14.82404],[120.78038,14.82404],[120.78038,14.82431],[120.78065,14.82431],[120.78065,14.82458],[120.78038,14.82458],[120.78038,14.82485],[120.78065,14.82485],[120.78065,14.82511],[120.78038,14.82511],[120.78038,14.82565],[120.78011,14.82565],[120.78011,14.82592],[120.78038,14.82592],[120.78038,14.82673],[120.77984,14.82673]]]}},{"type":"Feature","properties":{},"geometry":{"type":"Polygon","coordinates":[[[120.8076,14.82188],[120.8076,14.82161],[120.80787,14.82161],[120.80787,14.82134],[120.80868,14.82134],[120.80868,14.82026],[120.80895,14.82026],[120.80895,14.8208],[120.80922,14.8208],[120.80922,14.82134],[120.80895,14.82134],[120.80895,14.82188],[120.8076,14.82188]]]}},{"type":"Feature","properties":{},"geometry":{"type":"Polygon","coordinates":[[[120.67017,14.82053],[120.67017,14.82026],[120.67044,14.82026],[120.67044,14.82053],[120.67017,14.82053]]]}},{"type":"Feature","properties":{},"geometry":{"type":"Polygon","coordinates":[[[120.6699,14.82026],[120.6699,14.81999],[120.67017,14.81999],[120.67017,14.82026],[120.6699,14.82026]]]}},{"type":"Feature","properties":{},"geometry":{"type":"Polygon","coordinates":[[[120.66963,14.81999],[120.66963,14.81973],[120.6699,14.81973],[120.6699,14.81999],[120.66963,14.81999]]]}},{"type":"Feature","properties":{},"geometry":{"type":"Polygon","coordinates":[[[120.7785,14.81999],[120.7785,14.81973],[120.77877,14.81973],[120.77877,14.81999],[120.7785,14.81999]]]}},{"type":"Feature","properties":{},"geometry":{"type":"Polygon","coordinates":[[[120.80005,14.81999],[120.80005,14.81973],[120.80032,14.81973],[120.80032,14.81999],[120.80005,14.81999]]]}},{"type":"Feature","properties":{},"geometry":{"type":"Polygon","coordinates":[[[120.80383,14.81999],[120.80383,14.81973],[120.80437,14.81973],[120.80437,14.81999],[120.80383,14.81999]]]}},{"type":"Feature","properties":{},"geometry":{"type":"Polygon","coordinates":[[[120.80679,14.82053],[120.80679,14.82026],[120.80652,14.82026],[120.80652,14.81999],[120.80625,14.81999],[120.80625,14.81973],[120.80679,14.81973],[120.80679,14.81999],[120.80706,14.81999],[120.80706,14.82053],[120.80679,14.82053]]]}},{"type":"Feature","properties":{},"geometry":{"type":"Polygon","coordinates":[[[120.75963,14.82161],[120.75963,14.82134],[120.75909,14.82134],[120.75909,14.82053],[120.75883,14.82053],[120.75883,14.82026],[120.75856,14.82026],[120.75856,14.81999],[120.75883,14.81999],[120.75883,14.81946],[120.75909,14.81946],[120.75909,14.81999],[120.75936,14.81999],[120.75936,14.82053],[120.75963,14.82053],[120.75963,14.8208],[120.7599,14.8208],[120.7599,14.82161],[120.75963,14.82161]]]}},{"type":"Feature","properties":{},"geometry":{"type":"Polygon","coordinates":[[[120.77742,14.81973],[120.77742,14.81946],[120.77769,14.81946],[120.77769,14.81973],[120.77742,14.81973]]]}},{"type":"Feature","properties":{},"geometry":{"type":"Polygon","coordinates":[[[120.75505,14.82242],[120.75505,14.82188],[120.75532,14.82188],[120.75532,14.82107],[120.75559,14.82107],[120.75559,14.82053],[120.75613,14.82053],[120.75613,14.81973],[120.75532,14.81973],[120.75532,14.81946],[120.75586,14.81946],[120.75586,14.81919],[120.75667,14.81919],[120.75667,14.81946],[120.75721,14.81946],[120.75721,14.82026],[120.75694,14.82026],[120.75694,14.82107],[120.75667,14.82107],[120.75667,14.82134],[120.7564,14.82134],[120.7564,14.82161],[120.75613,14.82161],[120.75613,14.82242],[120.75586,14.82242],[120.75586,14.82215],[120.75559,14.82215],[120.75559,14.82242],[120.75505,14.82242]]]}},{"type":"Feature","properties":{},"geometry":{"type":"Polygon","coordinates":[[[120.66855,14.81946],[120.66855,14.81919],[120.66882,14.81919],[120.66882,14.81946],[120.66855,14.81946]]]}},{"type":"Feature","properties":{},"geometry":{"type":"Polygon","coordinates":[[[120.77688,14.81946],[120.77688,14.81919],[120.77715,14.81919],[120.77715,14.81946],[120.77688,14.81946]]]}},{"type":"Feature","properties":{},"geometry":{"type":"Polygon","coordinates":[[[120.66801,14.81919],[120.66801,14.81892],[120.66828,14.81892],[120.66828,14.81919],[120.66801,14.81919]]]}},{"type":"Feature","properties":{},"geometry":{"type":"Polygon","coordinates":[[[120.75155,14.81919],[120.75155,14.81892],[120.75182,14.81892],[120.75182,14.81919],[120.75155,14.81919]]]}},{"type":"Feature","properties":{},"geometry":{"type":"Polygon","coordinates":[[[120.77634,14.81919],[120.77634,14.81892],[120.77688,14.81892],[120.77688,14.81919],[120.77634,14.81919]]]}},{"type":"Feature","properties":{},"geometry":{"type":"Polygon","coordinates":[[[120.7917,14.81999],[120.7917,14.81973],[120.79143,14.81973],[120.79143,14.81865],[120.79224,14.81865],[120.79224,14.81892],[120.79251,14.81892],[120.79251,14.81946],[120.79278,14.81946],[120.79278,14.81973],[120.79197,14.81973],[120.79197,14.81999],[120.7917,14.81999]]]}},{"type":"Feature","properties":{},"geometry":{"type":"Polygon","coordinates":[[[120.75101,14.81892],[120.75101,14.81865],[120.75155,14.81865],[120.75155,14.81892],[120.75101,14.81892]]]}},{"type":"Feature","properties":{},"geometry":{"type":"Polygon","coordinates":[[[120.75559,14.81892],[120.75559,14.81865],[120.75586,14.81865],[120.75586,14.81892],[120.75559,14.81892]]]}},{"type":"Feature","properties":{},"geometry":{"type":"Polygon","coordinates":[[[120.75397,14.82242],[120.75397,14.82215],[120.75344,14.82215],[120.75344,14.82161],[120.75317,14.82161],[120.75317,14.82107],[120.75263,14.82107],[120.75263,14.8208],[120.75236,14.8208],[120.75236,14.82026],[120.75155,14.82026],[120.75155,14.81999],[120.75128,14.81999],[120.75128,14.81946],[120.75182,14.81946],[120.75182,14.81919],[120.7529,14.81919],[120.7529,14.81892],[120.75344,14.81892],[120.75344,14.81838],[120.75317,14.81838],[120.75317,14.81757],[120.75344,14.81757],[120.75344,14.8173],[120.75371,14.8173],[120.75371,14.81703],[120.75397,14.81703],[120.75397,14.8173],[120.75424,14.8173],[120.75424,14.81757],[120.75397,14.81757],[120.75397,14.81784],[120.75371,14.81784],[120.75371,14.81811],[120.75397,14.81811],[120.75397,14.81838],[120.75451,14.81838],[120.75451,14.81892],[120.75424,14.81892],[120.75424,14.81946],[120.75371,14.81946],[120.75371,14.82026],[120.75344,14.82026],[120.75344,14.82134],[120.75371,14.82134],[120.75371,14.8208],[120.75397,14.8208],[120.75397,14.82053],[120.75424,14.82053],[120.75424,14.82026],[120.75451,14.82026],[120.75451,14.81999],[120.75478,14.81999],[120.75478,14.81973],[120.75532,14.81973],[120.75532,14.82026],[120.75505,14.82026],[120.75505,14.82188],[120.75478,14.82188],[120.75478,14.82215],[120.75451,14.82215],[120.75451,14.82242],[120.75397,14.82242]],[[120.75397,14.82215],[120.75424,14.82215],[120.75424,14.82161],[120.75371,14.82161],[120.75371,14.82188],[120.75397,14.82188],[120.75397,14.82215]],[[120.75397,14.82107],[120.75424,14.82107],[120.75424,14.8208],[120.75397,14.8208],[120.75397,14.82107]],[[120.75344,14.81946],[120.75371,14.81946],[120.75371,14.81919],[120.75344,14.81919],[120.75344,14.81946]]]}},{"type":"Feature","properties":{},"geometry":{"type":"Polygon","coordinates":[[[120.62059,14.81757],[120.62059,14.81703],[120.62086,14.81703],[120.62086,14.81757],[120.62059,14.81757]]]}},{"type":"Feature","properties":{},"geometry":{"type":"Polygon","coordinates":[[[120.66451,14.8173],[120.66451,14.81703],[120.66505,14.81703],[120.66505,14.8173],[120.66451,14.8173]]]}},{"type":"Feature","properties":{},"geometry":{"type":"Polygon","coordinates":[[[120.62032,14.81703],[120.62032,14.81649],[120.62059,14.81649],[120.62059,14.81703],[120.62032,14.81703]]]}},{"type":"Feature","properties":{},"geometry":{"type":"Polygon","coordinates":[[[120.64565,14.81676],[120.64565,14.81649],[120.64619,14.81649],[120.64619,14.81676],[120.64565,14.81676]]]}},{"type":"Feature","properties":{},"geometry":{"type":"Polygon","coordinates":[[[120.81245,14.81973],[120.81245,14.81946],[120.81218,14.81946],[120.81218,14.81919],[120.81191,14.81919],[120.81191,14.81865],[120.81164,14.81865],[120.81164,14.81838],[120.81218,14.81838],[120.81218,14.81757],[120.81164,14.81757],[120.81164,14.8173],[120.81137,14.8173],[120.81137,14.81703],[120.8111,14.81703],[120.8111,14.81649],[120.81137,14.81649],[120.81137,14.81622],[120.81245,14.81622],[120.81245,14.81649],[120.81272,14.81649],[120.81272,14.81676],[120.81326,14.81676],[120.81326,14.81703],[120.81353,14.81703],[120.81353,14.8173],[120.81326,14.8173],[120.81326,14.81838],[120.81353,14.81838],[120.81353,14.81865],[120.81326,14.81865],[120.81326,14.81919],[120.81299,14.81919],[120.81299,14.81946],[120.81272,14.81946],[120.81272,14.81973],[120.81245,14.81973]]]}},{"type":"Feature","properties":{},"geometry":{"type":"Polygon","coordinates":[[[120.78577,14.81676],[120.78577,14.81622],[120.78604,14.81622],[120.78604,14.81676],[120.78577,14.81676]]]}},{"type":"Feature","properties":{},"geometry":{"type":"Polygon","coordinates":[[[120.54729,14.81622],[120.54729,14.81595],[120.54756,14.81595],[120.54756,14.81622],[120.54729,14.81622]]]}},{"type":"Feature","properties":{},"geometry":{"type":"Polygon","coordinates":[[[120.78739,14.81622],[120.78739,14.81595],[120.78766,14.81595],[120.78766,14.81622],[120.78739,14.81622]]]}},{"type":"Feature","properties":{},"geometry":{"type":"Polygon","coordinates":[[[120.80086,14.81595],[120.80086,14.81568],[120.80113,14.81568],[120.80113,14.81595],[120.80086,14.81595]]]}},{"type":"Feature","properties":{},"geometry":{"type":"Polygon","coordinates":[[[120.77014,14.82053],[120.77014,14.81919],[120.76987,14.81919],[120.76987,14.81811],[120.77041,14.81811],[120.77041,14.81784],[120.77068,14.81784],[120.77068,14.81757],[120.77095,14.81757],[120.77095,14.8173],[120.77122,14.8173],[120.77122,14.81703],[120.77149,14.81703],[120.77149,14.81676],[120.77176,14.81676],[120.77176,14.81649],[120.77203,14.81649],[120.77203,14.81541],[120.7723,14.81541],[120.7723,14.81622],[120.77257,14.81622],[120.77257,14.81649],[120.77284,14.81649],[120.77284,14.81676],[120.77311,14.81676],[120.77311,14.81703],[120.77257,14.81703],[120.77257,14.81757],[120.7723,14.81757],[120.7723,14.81892],[120.77176,14.81892],[120.77176,14.81919],[120.77149,14.81919],[120.77149,14.81999],[120.77122,14.81999],[120.77122,14.82026],[120.77095,14.82026],[120.77095,14.82053],[120.77014,14.82053]]]}},{"type":"Feature","properties":{},"geometry":{"type":"Polygon","coordinates":[[[120.7855,14.81595],[120.7855,14.81541],[120.78577,14.81541],[120.78577,14.81514],[120.78604,14.81514],[120.78604,14.81595],[120.7855,14.81595]]]}},{"type":"Feature","properties":{},"geometry":{"type":"Polygon","coordinates":[[[120.78712,14.81541],[120.78712,14.81514],[120.78739,14.81514],[120.78739,14.81541],[120.78712,14.81541]]]}},{"type":"Feature","properties":{},"geometry":{"type":"Polygon","coordinates":[[[120.61978,14.81568],[120.61978,14.81487],[120.62005,14.81487],[120.62005,14.81568],[120.61978,14.81568]]]}},{"type":"Feature","properties":{},"geometry":{"type":"Polygon","coordinates":[[[120.782,14.81595],[120.782,14.81568],[120.78173,14.81568],[120.78173,14.81541],[120.782,14.81541],[120.782,14.81487],[120.78227,14.81487],[120.78227,14.81514],[120.78281,14.81514],[120.78281,14.81541],[120.78254,14.81541],[120.78254,14.81595],[120.782,14.81595]]]}},{"type":"Feature","properties":{},"geometry":{"type":"Polygon","coordinates":[[[120.66721,14.81649],[120.66721,14.81622],[120.66694,14.81622],[120.66694,14.81595],[120.66667,14.81595],[120.66667,14.81568],[120.66613,14.81568],[120.66613,14.81541],[120.66586,14.81541],[120.66586,14.81487],[120.66613,14.81487],[120.66613,14.81514],[120.66667,14.81514],[120.66667,14.81541],[120.66694,14.81541],[120.66694,14.81568],[120.66721,14.81568],[120.66721,14.81595],[120.66748,14.81595],[120.66748,14.81649],[120.66721,14.81649]]]}},{"type":"Feature","properties":{},"geometry":{"type":"Polygon","coordinates":[[[120.54972,14.81514],[120.54972,14.81487],[120.54999,14.81487],[120.54999,14.81514],[120.54972,14.81514]]]}},{"type":"Feature","properties":{},"geometry":{"type":"Polygon","coordinates":[[[120.54945,14.81487],[120.54945,14.81461],[120.54972,14.81461],[120.54972,14.81487],[120.54945,14.81487]]]}},{"type":"Feature","properties":{},"geometry":{"type":"Polygon","coordinates":[[[120.61951,14.81487],[120.61951,14.81461],[120.61978,14.81461],[120.61978,14.81487],[120.61951,14.81487]]]}},{"type":"Feature","properties":{},"geometry":{"type":"Polygon","coordinates":[[[120.66532,14.81487],[120.66532,14.81461],[120.66559,14.81461],[120.66559,14.81487],[120.66532,14.81487]]]}},{"type":"Feature","properties":{},"geometry":{"type":"Polygon","coordinates":[[[120.77769,14.81487],[120.77769,14.81461],[120.77796,14.81461],[120.77796,14.81487],[120.77769,14.81487]]]}},{"type":"Feature","properties":{},"geometry":{"type":"Polygon","coordinates":[[[120.78119,14.81487],[120.78119,14.81434],[120.782,14.81434],[120.782,14.81461],[120.78173,14.81461],[120.78173,14.81487],[120.78119,14.81487]]]}},{"type":"Feature","properties":{},"geometry":{"type":"Polygon","coordinates":[[[120.55672,14.81541],[120.55672,14.81487],[120.55645,14.81487],[120.55645,14.81461],[120.55618,14.81461],[120.55618,14.81487],[120.55511,14.81487],[120.55511,14.81461],[120.55538,14.81461],[120.55538,14.81407],[120.55618,14.81407],[120.55618,14.81434],[120.55726,14.81434],[120.55726,14.81461],[120.55699,14.81461],[120.55699,14.81487],[120.55726,14.81487],[120.55726,14.81514],[120.55699,14.81514],[120.55699,14.81541],[120.55672,14.81541]]]}},{"type":"Feature","properties":{},"geometry":{"type":"Polygon","coordinates":[[[120.66478,14.81407],[120.66478,14.8138],[120.66505,14.8138],[120.66505,14.81407],[120.66478,14.81407]]]}},{"type":"Feature","properties":{},"geometry":{"type":"Polygon","coordinates":[[[120.54163,14.8138],[120.54163,14.81326],[120.5419,14.81326],[120.5419,14.8138],[120.54163,14.8138]]]}},{"type":"Feature","properties":{},"geometry":{"type":"Polygon","coordinates":[[[120.80167,14.81514],[120.80167,14.81461],[120.80194,14.81461],[120.80194,14.81434],[120.80248,14.81434],[120.80248,14.81407],[120.80302,14.81407],[120.80302,14.8138],[120.80356,14.8138],[120.80356,14.81353],[120.80383,14.81353],[120.80383,14.81299],[120.8041,14.81299],[120.8041,14.81326],[120.80437,14.81326],[120.80437,14.8138],[120.80463,14.8138],[120.80463,14.81434],[120.8041,14.81434],[120.8041,14.81461],[120.80356,14.81461],[120.80356,14.81487],[120.80275,14.81487],[120.80275,14.81514],[120.80167,14.81514]]]}},{"type":"Feature","properties":{},"geometry":{"type":"Polygon","coordinates":[[[120.78146,14.81326],[120.78146,14.81299],[120.782,14.81299],[120.782,14.81326],[120.78146,14.81326]]]}},{"type":"Feature","properties":{},"geometry":{"type":"Polygon","coordinates":[[[120.78658,14.81326],[120.78658,14.81299],[120.78685,14.81299],[120.78685,14.81326],[120.78658,14.81326]]]}},{"type":"Feature","properties":{},"geometry":{"type":"Polygon","coordinates":[[[120.77904,14.81434],[120.77904,14.8138],[120.77877,14.8138],[120.77877,14.81299],[120.77904,14.81299],[120.77904,14.81326],[120.77957,14.81326],[120.77957,14.81299],[120.78011,14.81299],[120.78011,14.81326],[120.78065,14.81326],[120.78065,14.81272],[120.78092,14.81272],[120.78092,14.8138],[120.78065,14.8138],[120.78065,14.81353],[120.78011,14.81353],[120.78011,14.81407],[120.78065,14.81407],[120.78065,14.81434],[120.77904,14.81434]],[[120.77957,14.8138],[120.77984,14.8138],[120.77984,14.81326],[120.77957,14.81326],[120.77957,14.8138]]]}},{"type":"Feature","properties":{},"geometry":{"type":"Polygon","coordinates":[[[120.61762,14.81299],[120.61762,14.81272],[120.61789,14.81272],[120.61789,14.81299],[120.61762,14.81299]]]}},{"type":"Feature","properties":{},"geometry":{"type":"Polygon","coordinates":[[[120.77742,14.81299],[120.77742,14.81272],[120.77769,14.81272],[120.77769,14.81299],[120.77742,14.81299]]]}},{"type":"Feature","properties":{},"geometry":{"type":"Polygon","coordinates":[[[120.782,14.81299],[120.782,14.81272],[120.78227,14.81272],[120.78227,14.81299],[120.782,14.81299]]]}},{"type":"Feature","properties":{},"geometry":{"type":"Polygon","coordinates":[[[120.78766,14.81299],[120.78766,14.81272],[120.78793,14.81272],[120.78793,14.81299],[120.78766,14.81299]]]}},{"type":"Feature","properties":{},"geometry":{"type":"Polygon","coordinates":[[[120.8041,14.81299],[120.8041,14.81272],[120.80437,14.81272],[120.80437,14.81299],[120.8041,14.81299]]]}},{"type":"Feature","properties":{},"geometry":{"type":"Polygon","coordinates":[[[120.79655,14.81838],[120.79655,14.81784],[120.79709,14.81784],[120.79709,14.8173],[120.79682,14.8173],[120.79682,14.81676],[120.79763,14.81676],[120.79763,14.81622],[120.79709,14.81622],[120.79709,14.81541],[120.7979,14.81541],[120.7979,14.81514],[120.79844,14.81514],[120.79844,14.81487],[120.79817,14.81487],[120.79817,14.81407],[120.7979,14.81407],[120.7979,14.8138],[120.79817,14.8138],[120.79817,14.81326],[120.79898,14.81326],[120.79898,14.81272],[120.79925,14.81272],[120.79925,14.81245],[120.79978,14.81245],[120.79978,14.81272],[120.80032,14.81272],[120.80032,14.81299],[120.80059,14.81299],[120.80059,14.81326],[120.80086,14.81326],[120.80086,14.81353],[120.80113,14.81353],[120.80113,14.81407],[120.80032,14.81407],[120.80032,14.81434],[120.80005,14.81434],[120.80005,14.81353],[120.79978,14.81353],[120.79978,14.81326],[120.79951,14.81326],[120.79951,14.81353],[120.79925,14.81353],[120.79925,14.8138],[120.79898,14.8138],[120.79898,14.81487],[120.79925,14.81487],[120.79925,14.81514],[120.79951,14.81514],[120.79951,14.81487],[120.79978,14.81487],[120.79978,14.81514],[120.80032,14.81514],[120.80032,14.81487],[120.80086,14.81487],[120.80086,14.81568],[120.80005,14.81568],[120.80005,14.81541],[120.79951,14.81541],[120.79951,14.81595],[120.79978,14.81595],[120.79978,14.81649],[120.79951,14.81649],[120.79951,14.81622],[120.79925,14.81622],[120.79925,14.81595],[120.79898,14.81595],[120.79898,14.81649],[120.79871,14.81649],[120.79871,14.81703],[120.79898,14.81703],[120.79898,14.81784],[120.79925,14.81784],[120.79925,14.81811],[120.79871,14.81811],[120.79871,14.81757],[120.79817,14.81757],[120.79817,14.81784],[120.79763,14.81784],[120.79763,14.81811],[120.79682,14.81811],[120.79682,14.81838],[120.79655,14.81838]]]}},{"type":"Feature","properties":{},"geometry":{"type":"Polygon","coordinates":[[[120.61816,14.81299],[120.61816,14.81245],[120.6187,14.81245],[120.6187,14.81299],[120.61816,14.81299]]]}},{"type":"Feature","properties":{},"geometry":{"type":"Polygon","coordinates":[[[120.78119,14.81299],[120.78119,14.81245],[120.78146,14.81245],[120.78146,14.81299],[120.78119,14.81299]]]}},{"type":"Feature","properties":{},"geometry":{"type":"Polygon","coordinates":[[[120.76502,14.81272],[120.76502,14.81245],[120.76556,14.81245],[120.76556,14.81272],[120.76502,14.81272]]]}},{"type":"Feature","properties":{},"geometry":{"type":"Polygon","coordinates":[[[120.79601,14.81461],[120.79601,14.81407],[120.79547,14.81407],[120.79547,14.8138],[120.79466,14.8138],[120.79466,14.81353],[120.7944,14.81353],[120.7944,14.81272],[120.79466,14.81272],[120.79466,14.81245],[120.79493,14.81245],[120.79493,14.81218],[120.79574,14.81218],[120.79574,14.81245],[120.79601,14.81245],[120.79601,14.81299],[120.79628,14.81299],[120.79628,14.81272],[120.79655,14.81272],[120.79655,14.81245],[120.79682,14.81245],[120.79682,14.81218],[120.79709,14.81218],[120.79709,14.81245],[120.79736,14.81245],[120.79736,14.81299],[120.79682,14.81299],[120.79682,14.81434],[120.79655,14.81434],[120.79655,14.81461],[120.79601,14.81461]]]}},{"type":"Feature","properties":{},"geometry":{"type":"Polygon","coordinates":[[[120.66397,14.81272],[120.66397,14.81218],[120.66424,14.81218],[120.66424,14.81272],[120.66397,14.81272]]]}},{"type":"Feature","properties":{},"geometry":{"type":"Polygon","coordinates":[[[120.78092,14.81245],[120.78092,14.81218],[120.78119,14.81218],[120.78119,14.81245],[120.78092,14.81245]]]}},{"type":"Feature","properties":{},"geometry":{"type":"Polygon","coordinates":[[[120.55295,14.81218],[120.55295,14.81191],[120.55322,14.81191],[120.55322,14.81218],[120.55295,14.81218]]]}},{"type":"Feature","properties":{},"geometry":{"type":"Polygon","coordinates":[[[120.78065,14.81218],[120.78065,14.81191],[120.78092,14.81191],[120.78092,14.81218],[120.78065,14.81218]]]}},{"type":"Feature","properties":{},"geometry":{"type":"Polygon","coordinates":[[[120.80706,14.81245],[120.80706,14.81164],[120.80733,14.81164],[120.80733,14.81245],[120.80706,14.81245]]]}},{"type":"Feature","properties":{},"geometry":{"type":"Polygon","coordinates":[[[120.77365,14.81218],[120.77365,14.81137],[120.77338,14.81137],[120.77338,14.8111],[120.77392,14.8111],[120.77392,14.81137],[120.77472,14.81137],[120.77472,14.81164],[120.77445,14.81164],[120.77445,14.81191],[120.77392,14.81191],[120.77392,14.81218],[120.77365,14.81218]]]}},{"type":"Feature","properties":{},"geometry":{"type":"Polygon","coordinates":[[[120.55349,14.81407],[120.55349,14.81353],[120.55376,14.81353],[120.55376,14.81326],[120.55403,14.81326],[120.55403,14.81299],[120.5543,14.81299],[120.5543,14.81245],[120.55457,14.81245],[120.55457,14.81218],[120.55511,14.81218],[120.55511,14.81191],[120.55538,14.81191],[120.55538,14.81164],[120.55565,14.81164],[120.55565,14.81137],[120.55591,14.81137],[120.55591,14.8111],[120.55618,14.8111],[120.55618,14.81137],[120.55645,14.81137],[120.55645,14.8111],[120.55672,14.8111],[120.55672,14.81083],[120.55753,14.81083],[120.55753,14.8111],[120.5578,14.8111],[120.5578,14.81137],[120.55753,14.81137],[120.55753,14.81164],[120.55726,14.81164],[120.55726,14.81218],[120.55807,14.81218],[120.55807,14.81299],[120.5578,14.81299],[120.5578,14.81326],[120.55753,14.81326],[120.55753,14.81353],[120.55699,14.81353],[120.55699,14.8138],[120.55403,14.8138],[120.55403,14.81407],[120.55349,14.81407]]]}},{"type":"Feature","properties":{},"geometry":{"type":"Polygon","coordinates":[[[120.55376,14.81137],[120.55376,14.81083],[120.55403,14.81083],[120.55403,14.81137],[120.55376,14.81137]]]}},{"type":"Feature","properties":{},"geometry":{"type":"Polygon","coordinates":[[[120.79143,14.81191],[120.79143,14.81164],[120.79116,14.81164],[120.79116,14.81137],[120.79089,14.81137],[120.79089,14.8111],[120.79116,14.8111],[120.79116,14.81083],[120.7917,14.81083],[120.7917,14.81137],[120.79197,14.81137],[120.79197,14.81191],[120.79143,14.81191]]]}},{"type":"Feature","properties":{},"geometry":{"type":"Polygon","coordinates":[[[120.77311,14.8111],[120.77311,14.81083],[120.77338,14.81083],[120.77338,14.8111],[120.77311,14.8111]]]}},{"type":"Feature","properties":{},"geometry":{"type":"Polygon","coordinates":[[[120.81999,14.8111],[120.81999,14.81083],[120.82026,14.81083],[120.82026,14.8111],[120.81999,14.8111]]]}},{"type":"Feature","properties":{},"geometry":{"type":"Polygon","coordinates":[[[120.76691,14.81191],[120.76691,14.81164],[120.76718,14.81164],[120.76718,14.81137],[120.76745,14.81137],[120.76745,14.8111],[120.76799,14.8111],[120.76799,14.81083],[120.76826,14.81083],[120.76826,14.81056],[120.76853,14.81056],[120.76853,14.8111],[120.76826,14.8111],[120.76826,14.81137],[120.76772,14.81137],[120.76772,14.81164],[120.76745,14.81164],[120.76745,14.81191],[120.76691,14.81191]]]}},{"type":"Feature","properties":{},"geometry":{"type":"Polygon","coordinates":[[[120.77607,14.81191],[120.77607,14.81137],[120.77634,14.81137],[120.77634,14.81083],[120.77688,14.81083],[120.77688,14.81056],[120.77742,14.81056],[120.77742,14.81083],[120.77715,14.81083],[120.77715,14.8111],[120.77688,14.8111],[120.77688,14.81164],[120.77661,14.81164],[120.77661,14.81191],[120.77607,14.81191]]]}},{"type":"Feature","properties":{},"geometry":{"type":"Polygon","coordinates":[[[120.8076,14.81164],[120.8076,14.81056],[120.80787,14.81056],[120.80787,14.81083],[120.80814,14.81083],[120.80814,14.81137],[120.80787,14.81137],[120.80787,14.81164],[120.8076,14.81164]]]}},{"type":"Feature","properties":{},"geometry":{"type":"Polygon","coordinates":[[[120.79736,14.8111],[120.79736,14.81056],[120.7979,14.81056],[120.7979,14.81083],[120.79763,14.81083],[120.79763,14.8111],[120.79736,14.8111]]]}},{"type":"Feature","properties":{},"geometry":{"type":"Polygon","coordinates":[[[120.77284,14.81083],[120.77284,14.81056],[120.77311,14.81056],[120.77311,14.81083],[120.77284,14.81083]]]}},{"type":"Feature","properties":{},"geometry":{"type":"Polygon","coordinates":[[[120.80679,14.81137],[120.80679,14.81083],[120.80652,14.81083],[120.80652,14.81056],[120.80706,14.81056],[120.80706,14.81137],[120.80679,14.81137]]]}},{"type":"Feature","properties":{},"geometry":{"type":"Polygon","coordinates":[[[120.55403,14.81083],[120.55403,14.81056],[120.5543,14.81056],[120.5543,14.81029],[120.55484,14.81029],[120.55484,14.81083],[120.55403,14.81083]]]}},{"type":"Feature","properties":{},"geometry":{"type":"Polygon","coordinates":[[[120.81973,14.81083],[120.81973,14.81029],[120.81999,14.81029],[120.81999,14.81083],[120.81973,14.81083]]]}},{"type":"Feature","properties":{},"geometry":{"type":"Polygon","coordinates":[[[120.7432,14.81056],[120.7432,14.81029],[120.74347,14.81029],[120.74347,14.81056],[120.7432,14.81056]]]}},{"type":"Feature","properties":{},"geometry":{"type":"Polygon","coordinates":[[[120.54945,14.81029],[120.54945,14.81002],[120.54972,14.81002],[120.54972,14.81029],[120.54945,14.81029]]]}},{"type":"Feature","properties":{},"geometry":{"type":"Polygon","coordinates":[[[120.7688,14.81029],[120.7688,14.81002],[120.76906,14.81002],[120.76906,14.81029],[120.7688,14.81029]]]}},{"type":"Feature","properties":{},"geometry":{"type":"Polygon","coordinates":[[[120.54972,14.81002],[120.54972,14.80975],[120.54999,14.80975],[120.54999,14.81002],[120.54972,14.81002]]]}},{"type":"Feature","properties":{},"geometry":{"type":"Polygon","coordinates":[[[120.55511,14.81029],[120.55511,14.81002],[120.55484,14.81002],[120.55484,14.80975],[120.55565,14.80975],[120.55565,14.81002],[120.55538,14.81002],[120.55538,14.81029],[120.55511,14.81029]]]}},{"type":"Feature","properties":{},"geometry":{"type":"Polygon","coordinates":[[[120.77149,14.81002],[120.77149,14.80975],[120.77176,14.80975],[120.77176,14.81002],[120.77149,14.81002]]]}},{"type":"Feature","properties":{},"geometry":{"type":"Polygon","coordinates":[[[120.78092,14.81002],[120.78092,14.80975],[120.78119,14.80975],[120.78119,14.81002],[120.78092,14.81002]]]}},{"type":"Feature","properties":{},"geometry":{"type":"Polygon","coordinates":[[[120.77823,14.81137],[120.77823,14.81083],[120.77796,14.81083],[120.77796,14.81056],[120.77823,14.81056],[120.77823,14.80949],[120.77877,14.80949],[120.77877,14.81002],[120.77904,14.81002],[120.77904,14.81029],[120.78038,14.81029],[120.78038,14.81083],[120.78011,14.81083],[120.78011,14.8111],[120.77957,14.8111],[120.77957,14.81137],[120.77823,14.81137]]]}},{"type":"Feature","properties":{},"geometry":{"type":"Polygon","coordinates":[[[120.79709,14.81056],[120.79709,14.81029],[120.79682,14.81029],[120.79682,14.80949],[120.79709,14.80949],[120.79709,14.81002],[120.79736,14.81002],[120.79736,14.81056],[120.79709,14.81056]]]}},{"type":"Feature","properties":{},"geometry":{"type":"Polygon","coordinates":[[[120.81946,14.81029],[120.81946,14.80949],[120.81973,14.80949],[120.81973,14.81029],[120.81946,14.81029]]]}},{"type":"Feature","properties":{},"geometry":{"type":"Polygon","coordinates":[[[120.77041,14.80975],[120.77041,14.80949],[120.77149,14.80949],[120.77149,14.80975],[120.77041,14.80975]]]}},{"type":"Feature","properties":{},"geometry":{"type":"Polygon","coordinates":[[[120.78038,14.80975],[120.78038,14.80949],[120.78065,14.80949],[120.78065,14.80975],[120.78038,14.80975]]]}},{"type":"Feature","properties":{},"geometry":{"type":"Polygon","coordinates":[[[120.77203,14.80975],[120.77203,14.80949],[120.77176,14.80949],[120.77176,14.80922],[120.7723,14.80922],[120.7723,14.80949],[120.77284,14.80949],[120.77284,14.80975],[120.77203,14.80975]]]}},{"type":"Feature","properties":{},"geometry":{"type":"Polygon","coordinates":[[[120.78658,14.81245],[120.78658,14.81137],[120.78631,14.81137],[120.78631,14.81083],[120.78604,14.81083],[120.78604,14.80949],[120.78577,14.80949],[120.78577,14.80895],[120.78604,14.80895],[120.78604,14.80922],[120.78739,14.80922],[120.78739,14.80895],[120.78766,14.80895],[120.78766,14.81002],[120.78739,14.81002],[120.78739,14.81056],[120.78766,14.81056],[120.78766,14.81137],[120.78739,14.81137],[120.78739,14.81164],[120.78766,14.81164],[120.78766,14.81218],[120.78712,14.81218],[120.78712,14.81245],[120.78658,14.81245]]]}},{"type":"Feature","properties":{},"geometry":{"type":"Polygon","coordinates":[[[120.61655,14.80922],[120.61655,14.80895],[120.61681,14.80895],[120.61681,14.80922],[120.61655,14.80922]]]}},{"type":"Feature","properties":{},"geometry":{"type":"Polygon","coordinates":[[[120.77904,14.80922],[120.77904,14.80895],[120.7793,14.80895],[120.7793,14.80922],[120.77904,14.80922]]]}},{"type":"Feature","properties":{},"geometry":{"type":"Polygon","coordinates":[[[120.79978,14.80922],[120.79978,14.80895],[120.8014,14.80895],[120.8014,14.80922],[120.79978,14.80922]]]}},{"type":"Feature","properties":{},"geometry":{"type":"Polygon","coordinates":[[[120.79089,14.81056],[120.79089,14.80949],[120.79062,14.80949],[120.79062,14.80975],[120.79035,14.80975],[120.79035,14.80922],[120.79089,14.80922],[120.79089,14.80895],[120.79143,14.80895],[120.79143,14.80841],[120.79197,14.80841],[120.79197,14.80895],[120.7917,14.80895],[120.7917,14.80975],[120.79143,14.80975],[120.79143,14.81029],[120.79116,14.81029],[120.79116,14.81056],[120.79089,14.81056]]]}},{"type":"Feature","properties":{},"geometry":{"type":"Polygon","coordinates":[[[120.7979,14.80895],[120.7979,14.80868],[120.79898,14.80868],[120.79898,14.80841],[120.79925,14.80841],[120.79925,14.80868],[120.79978,14.80868],[120.79978,14.80895],[120.7979,14.80895]]]}},{"type":"Feature","properties":{},"geometry":{"type":"Polygon","coordinates":[[[120.8014,14.80895],[120.8014,14.80868],[120.80167,14.80868],[120.80167,14.80841],[120.80194,14.80841],[120.80194,14.80895],[120.8014,14.80895]]]}},{"type":"Feature","properties":{},"geometry":{"type":"Polygon","coordinates":[[[120.66505,14.80868],[120.66505,14.80841],[120.66532,14.80841],[120.66532,14.80868],[120.66505,14.80868]]]}},{"type":"Feature","properties":{},"geometry":{"type":"Polygon","coordinates":[[[120.81946,14.80922],[120.81946,14.80814],[120.81973,14.80814],[120.81973,14.80922],[120.81946,14.80922]]]}},{"type":"Feature","properties":{},"geometry":{"type":"Polygon","coordinates":[[[120.78011,14.80841],[120.78011,14.80814],[120.78038,14.80814],[120.78038,14.80841],[120.78011,14.80841]]]}},{"type":"Feature","properties":{},"geometry":{"type":"Polygon","coordinates":[[[120.77823,14.80895],[120.77823,14.80868],[120.77796,14.80868],[120.77796,14.80787],[120.77904,14.80787],[120.77904,14.80841],[120.77877,14.80841],[120.77877,14.80895],[120.77823,14.80895]]]}},{"type":"Feature","properties":{},"geometry":{"type":"Polygon","coordinates":[[[120.76772,14.80787],[120.76772,14.8076],[120.76799,14.8076],[120.76799,14.80787],[120.76772,14.80787]]]}},{"type":"Feature","properties":{},"geometry":{"type":"Polygon","coordinates":[[[120.78173,14.80895],[120.78173,14.80868],[120.78119,14.80868],[120.78119,14.80841],[120.78065,14.80841],[120.78065,14.80814],[120.78038,14.80814],[120.78038,14.80733],[120.78119,14.80733],[120.78119,14.8076],[120.782,14.8076],[120.782,14.80787],[120.78227,14.80787],[120.78227,14.80868],[120.782,14.80868],[120.782,14.80895],[120.78173,14.80895]]]}},{"type":"Feature","properties":{},"geometry":{"type":"Polygon","coordinates":[[[120.76745,14.8076],[120.76745,14.80733],[120.76772,14.80733],[120.76772,14.8076],[120.76745,14.8076]]]}},{"type":"Feature","properties":{},"geometry":{"type":"Polygon","coordinates":[[[120.61681,14.80733],[120.61681,14.80706],[120.61628,14.80706],[120.61628,14.80652],[120.61655,14.80652],[120.61655,14.80679],[120.61708,14.80679],[120.61708,14.80733],[120.61681,14.80733]]]}},{"type":"Feature","properties":{},"geometry":{"type":"Polygon","coordinates":[[[120.7626,14.80706],[120.7626,14.80679],[120.76233,14.80679],[120.76233,14.80652],[120.76287,14.80652],[120.76287,14.80706],[120.7626,14.80706]]]}},{"type":"Feature","properties":{},"geometry":{"type":"Polygon","coordinates":[[[120.76341,14.80679],[120.76341,14.80652],[120.76395,14.80652],[120.76395,14.80679],[120.76341,14.80679]]]}},{"type":"Feature","properties":{},"geometry":{"type":"Polygon","coordinates":[[[120.54675,14.81541],[120.54675,14.81514],[120.54648,14.81514],[120.54648,14.81487],[120.54621,14.81487],[120.54621,14.81407],[120.54594,14.81407],[120.54594,14.81434],[120.54514,14.81434],[120.54514,14.81407],[120.54487,14.81407],[120.54487,14.81326],[120.5446,14.81326],[120.5446,14.81434],[120.5419,14.81434],[120.5419,14.81407],[120.54244,14.81407],[120.54244,14.8138],[120.54271,14.8138],[120.54271,14.81353],[120.54298,14.81353],[120.54298,14.81326],[120.54325,14.81326],[120.54325,14.81272],[120.54163,14.81272],[120.54163,14.81164],[120.54136,14.81164],[120.54136,14.81056],[120.54163,14.81056],[120.54163,14.81083],[120.5419,14.81083],[120.5419,14.81164],[120.54244,14.81164],[120.54244,14.81056],[120.54217,14.81056],[120.54217,14.81029],[120.54244,14.81029],[120.54244,14.80922],[120.54271,14.80922],[120.54271,14.80841],[120.54244,14.80841],[120.54244,14.80814],[120.54217,14.80814],[120.54217,14.80652],[120.54244,14.80652],[120.54244,14.80625],[120.54271,14.80625],[120.54271,14.80733],[120.54298,14.80733],[120.54298,14.80895],[120.54325,14.80895],[120.54325,14.80922],[120.54352,14.80922],[120.54352,14.80975],[120.54379,14.80975],[120.54379,14.81002],[120.54406,14.81002],[120.54406,14.81029],[120.54433,14.81029],[120.54433,14.81056],[120.5446,14.81056],[120.5446,14.81083],[120.54487,14.81083],[120.54487,14.8111],[120.54541,14.8111],[120.54541,14.81164],[120.54594,14.81164],[120.54594,14.81191],[120.54675,14.81191],[120.54675,14.81164],[120.54702,14.81164],[120.54702,14.81137],[120.54729,14.81137],[120.54729,14.8111],[120.54756,14.8111],[120.54756,14.81083],[120.54783,14.81083],[120.54783,14.81056],[120.54945,14.81056],[120.54945,14.81083],[120.54972,14.81083],[120.54972,14.8111],[120.54999,14.8111],[120.54999,14.81137],[120.55026,14.81137],[120.55026,14.81164],[120.55053,14.81164],[120.55053,14.81191],[120.55106,14.81191],[120.55106,14.81218],[120.55268,14.81218],[120.55268,14.81245],[120.55187,14.81245],[120.55187,14.81272],[120.55133,14.81272],[120.55133,14.81245],[120.55079,14.81245],[120.55079,14.81218],[120.54999,14.81218],[120.54999,14.81191],[120.54972,14.81191],[120.54972,14.81218],[120.54918,14.81218],[120.54918,14.81245],[120.54891,14.81245],[120.54891,14.81272],[120.54864,14.81272],[120.54864,14.81299],[120.5481,14.81299],[120.5481,14.8138],[120.54837,14.8138],[120.54837,14.81353],[120.54864,14.81353],[120.54864,14.8138],[120.54891,14.8138],[120.54891,14.81407],[120.54918,14.81407],[120.54918,14.81434],[120.54945,14.81434],[120.54945,14.81461],[120.54918,14.81461],[120.54918,14.81487],[120.54864,14.81487],[120.54864,14.81514],[120.54783,14.81514],[120.54783,14.81541],[120.54675,14.81541]],[[120.54352,14.8138],[120.54406,14.8138],[120.54406,14.81353],[120.54352,14.81353],[120.54352,14.8138]],[[120.54433,14.81299],[120.5446,14.81299],[120.5446,14.81272],[120.54433,14.81272],[120.54433,14.81299]],[[120.54406,14.81272],[120.54433,14.81272],[120.54433,14.81218],[120.54406,14.81218],[120.54406,14.81272]],[[120.54379,14.81218],[120.54406,14.81218],[120.54406,14.81164],[120.54379,14.81164],[120.54379,14.81218]],[[120.54352,14.81164],[120.54379,14.81164],[120.54379,14.81137],[120.54352,14.81137],[120.54352,14.81164]],[[120.54325,14.81137],[120.54352,14.81137],[120.54352,14.8111],[120.54325,14.8111],[120.54325,14.81137]],[[120.54325,14.81056],[120.54352,14.81056],[120.54352,14.81002],[120.54325,14.81002],[120.54325,14.81056]],[[120.54298,14.81002],[120.54325,14.81002],[120.54325,14.80949],[120.54298,14.80949],[120.54298,14.81002]]]}},{"type":"Feature","properties":{},"geometry":{"type":"Polygon","coordinates":[[[120.78469,14.80706],[120.78469,14.80652],[120.78496,14.80652],[120.78496,14.80625],[120.78523,14.80625],[120.78523,14.80706],[120.78469,14.80706]]]}},{"type":"Feature","properties":{},"geometry":{"type":"Polygon","coordinates":[[[120.76206,14.80652],[120.76206,14.80625],[120.76233,14.80625],[120.76233,14.80652],[120.76206,14.80652]]]}},{"type":"Feature","properties":{},"geometry":{"type":"Polygon","coordinates":[[[120.80571,14.80679],[120.80571,14.80598],[120.80625,14.80598],[120.80625,14.80679],[120.80571,14.80679]]]}},{"type":"Feature","properties":{},"geometry":{"type":"Polygon","coordinates":[[[120.76475,14.80625],[120.76475,14.80598],[120.76529,14.80598],[120.76529,14.80625],[120.76475,14.80625]]]}},{"type":"Feature","properties":{},"geometry":{"type":"Polygon","coordinates":[[[120.79197,14.80787],[120.79197,14.8076],[120.79143,14.8076],[120.79143,14.80733],[120.7917,14.80733],[120.7917,14.80706],[120.79224,14.80706],[120.79224,14.80679],[120.79251,14.80679],[120.79251,14.80625],[120.79224,14.80625],[120.79224,14.80598],[120.79305,14.80598],[120.79305,14.80625],[120.79278,14.80625],[120.79278,14.80733],[120.79305,14.80733],[120.79305,14.8076],[120.79278,14.8076],[120.79278,14.80787],[120.79197,14.80787]]]}},{"type":"Feature","properties":{},"geometry":{"type":"Polygon","coordinates":[[[120.82943,14.80625],[120.82943,14.80598],[120.82862,14.80598],[120.82862,14.80571],[120.8297,14.80571],[120.8297,14.80598],[120.82996,14.80598],[120.82996,14.80625],[120.82943,14.80625]]]}},{"type":"Feature","properties":{},"geometry":{"type":"Polygon","coordinates":[[[120.82835,14.80571],[120.82835,14.80544],[120.82862,14.80544],[120.82862,14.80571],[120.82835,14.80571]]]}},{"type":"Feature","properties":{},"geometry":{"type":"Polygon","coordinates":[[[120.62086,14.80895],[120.62086,14.80814],[120.62059,14.80814],[120.62059,14.80706],[120.62032,14.80706],[120.62032,14.80652],[120.62005,14.80652],[120.62005,14.80625],[120.62032,14.80625],[120.62032,14.80598],[120.62059,14.80598],[120.62059,14.80571],[120.62032,14.80571],[120.62032,14.80544],[120.62005,14.80544],[120.62005,14.80517],[120.62086,14.80517],[120.62086,14.80679],[120.62113,14.80679],[120.62113,14.80733],[120.62086,14.80733],[120.62086,14.8076],[120.62113,14.8076],[120.62113,14.80895],[120.62086,14.80895]]]}},{"type":"Feature","properties":{},"geometry":{"type":"Polygon","coordinates":[[[120.82781,14.80544],[120.82781,14.8049],[120.82808,14.8049],[120.82808,14.80517],[120.82835,14.80517],[120.82835,14.80544],[120.82781,14.80544]]]}},{"type":"Feature","properties":{},"geometry":{"type":"Polygon","coordinates":[[[120.61655,14.80517],[120.61655,14.8049],[120.61681,14.8049],[120.61681,14.80517],[120.61655,14.80517]]]}},{"type":"Feature","properties":{},"geometry":{"type":"Polygon","coordinates":[[[120.80571,14.80571],[120.80571,14.80437],[120.80598,14.80437],[120.80598,14.80571],[120.80571,14.80571]]]}},{"type":"Feature","properties":{},"geometry":{"type":"Polygon","coordinates":[[[120.80652,14.8049],[120.80652,14.80437],[120.80679,14.80437],[120.80679,14.8049],[120.80652,14.8049]]]}},{"type":"Feature","properties":{},"geometry":{"type":"Polygon","coordinates":[[[120.82781,14.80463],[120.82781,14.80437],[120.82808,14.80437],[120.82808,14.80463],[120.82781,14.80463]]]}},{"type":"Feature","properties":{},"geometry":{"type":"Polygon","coordinates":[[[120.7723,14.8041],[120.7723,14.80383],[120.77257,14.80383],[120.77257,14.8041],[120.7723,14.8041]]]}},{"type":"Feature","properties":{},"geometry":{"type":"Polygon","coordinates":[[[120.77634,14.8041],[120.77634,14.80383],[120.77607,14.80383],[120.77607,14.80356],[120.77688,14.80356],[120.77688,14.80383],[120.77661,14.80383],[120.77661,14.8041],[120.77634,14.8041]]]}},{"type":"Feature","properties":{},"geometry":{"type":"Polygon","coordinates":[[[120.78523,14.80625],[120.78523,14.80571],[120.78496,14.80571],[120.78496,14.80383],[120.78523,14.80383],[120.78523,14.80329],[120.78577,14.80329],[120.78577,14.80571],[120.7855,14.80571],[120.7855,14.80625],[120.78523,14.80625]]]}},{"type":"Feature","properties":{},"geometry":{"type":"Polygon","coordinates":[[[120.82808,14.80437],[120.82808,14.80383],[120.82889,14.80383],[120.82889,14.80356],[120.82996,14.80356],[120.82996,14.80329],[120.8305,14.80329],[120.8305,14.80383],[120.82996,14.80383],[120.82996,14.8041],[120.82835,14.8041],[120.82835,14.80437],[120.82808,14.80437]]]}},{"type":"Feature","properties":{},"geometry":{"type":"Polygon","coordinates":[[[120.79359,14.80329],[120.79359,14.80302],[120.79386,14.80302],[120.79386,14.80329],[120.79359,14.80329]]]}},{"type":"Feature","properties":{},"geometry":{"type":"Polygon","coordinates":[[[120.8305,14.80329],[120.8305,14.80302],[120.83077,14.80302],[120.83077,14.80275],[120.83158,14.80275],[120.83158,14.80302],[120.83131,14.80302],[120.83131,14.80329],[120.8305,14.80329]]]}},{"type":"Feature","properties":{},"geometry":{"type":"Polygon","coordinates":[[[120.79386,14.80302],[120.79386,14.80275],[120.79466,14.80275],[120.79466,14.80302],[120.79386,14.80302]]]}},{"type":"Feature","properties":{},"geometry":{"type":"Polygon","coordinates":[[[120.83212,14.80275],[120.83212,14.80248],[120.83266,14.80248],[120.83266,14.80275],[120.83212,14.80275]]]}},{"type":"Feature","properties":{},"geometry":{"type":"Polygon","coordinates":[[[120.90461,14.80275],[120.90461,14.80248],[120.90488,14.80248],[120.90488,14.80275],[120.90461,14.80275]]]}},{"type":"Feature","properties":{},"geometry":{"type":"Polygon","coordinates":[[[120.79035,14.80275],[120.79035,14.80248],[120.79143,14.80248],[120.79143,14.80221],[120.79197,14.80221],[120.79197,14.80248],[120.7917,14.80248],[120.7917,14.80275],[120.79035,14.80275]]]}},{"type":"Feature","properties":{},"geometry":{"type":"Polygon","coordinates":[[[120.83266,14.80248],[120.83266,14.80221],[120.83293,14.80221],[120.83293,14.80248],[120.83266,14.80248]]]}},{"type":"Feature","properties":{},"geometry":{"type":"Polygon","coordinates":[[[120.9011,14.80221],[120.9011,14.80194],[120.90137,14.80194],[120.90137,14.80221],[120.9011,14.80221]]]}},{"type":"Feature","properties":{},"geometry":{"type":"Polygon","coordinates":[[[120.90515,14.80221],[120.90515,14.80194],[120.90542,14.80194],[120.90542,14.80167],[120.90569,14.80167],[120.90569,14.80221],[120.90515,14.80221]]]}},{"type":"Feature","properties":{},"geometry":{"type":"Polygon","coordinates":[[[120.90057,14.80194],[120.90057,14.80167],[120.9011,14.80167],[120.9011,14.80194],[120.90057,14.80194]]]}},{"type":"Feature","properties":{},"geometry":{"type":"Polygon","coordinates":[[[120.76206,14.80275],[120.76206,14.80248],[120.76287,14.80248],[120.76287,14.80221],[120.76502,14.80221],[120.76502,14.80194],[120.76583,14.80194],[120.76583,14.80167],[120.7661,14.80167],[120.7661,14.8014],[120.76637,14.8014],[120.76637,14.80221],[120.76583,14.80221],[120.76583,14.80248],[120.76502,14.80248],[120.76502,14.80275],[120.76206,14.80275]]]}},{"type":"Feature","properties":{},"geometry":{"type":"Polygon","coordinates":[[[120.83293,14.80221],[120.83293,14.8014],[120.8332,14.8014],[120.8332,14.80167],[120.83347,14.80167],[120.83347,14.80194],[120.8332,14.80194],[120.8332,14.80221],[120.83293,14.80221]]]}},{"type":"Feature","properties":{},"geometry":{"type":"Polygon","coordinates":[[[120.80679,14.80302],[120.80679,14.80221],[120.80652,14.80221],[120.80652,14.80113],[120.80679,14.80113],[120.80679,14.80086],[120.80706,14.80086],[120.80706,14.8014],[120.80679,14.8014],[120.80679,14.80167],[120.80706,14.80167],[120.80706,14.80302],[120.80679,14.80302]]]}},{"type":"Feature","properties":{},"geometry":{"type":"Polygon","coordinates":[[[120.8879,14.8014],[120.8879,14.80059],[120.88844,14.80059],[120.88844,14.80113],[120.88817,14.80113],[120.88817,14.8014],[120.8879,14.8014]]]}},{"type":"Feature","properties":{},"geometry":{"type":"Polygon","coordinates":[[[120.7661,14.80086],[120.7661,14.80059],[120.76637,14.80059],[120.76637,14.80086],[120.7661,14.80086]]]}},{"type":"Feature","properties":{},"geometry":{"type":"Polygon","coordinates":[[[120.54406,14.80086],[120.54406,14.80032],[120.54433,14.80032],[120.54433,14.80086],[120.54406,14.80086]]]}},{"type":"Feature","properties":{},"geometry":{"type":"Polygon","coordinates":[[[120.79763,14.80086],[120.79763,14.80059],[120.7979,14.80059],[120.7979,14.80032],[120.79817,14.80032],[120.79817,14.80086],[120.79763,14.80086]]]}},{"type":"Feature","properties":{},"geometry":{"type":"Polygon","coordinates":[[[120.82646,14.80059],[120.82646,14.80005],[120.827,14.80005],[120.827,14.80032],[120.82673,14.80032],[120.82673,14.80059],[120.82646,14.80059]]]}},{"type":"Feature","properties":{},"geometry":{"type":"Polygon","coordinates":[[[120.79817,14.80032],[120.79817,14.80005],[120.79844,14.80005],[120.79844,14.80032],[120.79817,14.80032]]]}},{"type":"Feature","properties":{},"geometry":{"type":"Polygon","coordinates":[[[120.80652,14.80032],[120.80652,14.80005],[120.80679,14.80005],[120.80679,14.80032],[120.80652,14.80032]]]}},{"type":"Feature","properties":{},"geometry":{"type":"Polygon","coordinates":[[[120.90434,14.80032],[120.90434,14.79978],[120.90461,14.79978],[120.90461,14.80032],[120.90434,14.80032]]]}},{"type":"Feature","properties":{},"geometry":{"type":"Polygon","coordinates":[[[120.83077,14.80005],[120.83077,14.79978],[120.83104,14.79978],[120.83104,14.80005],[120.83077,14.80005]]]}},{"type":"Feature","properties":{},"geometry":{"type":"Polygon","coordinates":[[[120.54433,14.80032],[120.54433,14.79951],[120.54487,14.79951],[120.54487,14.79978],[120.5446,14.79978],[120.5446,14.80032],[120.54433,14.80032]]]}},{"type":"Feature","properties":{},"geometry":{"type":"Polygon","coordinates":[[[120.76583,14.80059],[120.76583,14.80032],[120.76556,14.80032],[120.76556,14.80005],[120.76529,14.80005],[120.76529,14.79951],[120.76556,14.79951],[120.76556,14.79978],[120.76583,14.79978],[120.76583,14.80005],[120.7661,14.80005],[120.7661,14.80059],[120.76583,14.80059]]]}},{"type":"Feature","properties":{},"geometry":{"type":"Polygon","coordinates":[[[120.80571,14.80005],[120.80571,14.79951],[120.80598,14.79951],[120.80598,14.80005],[120.80571,14.80005]]]}},{"type":"Feature","properties":{},"geometry":{"type":"Polygon","coordinates":[[[120.88628,14.79978],[120.88628,14.79951],[120.88655,14.79951],[120.88655,14.79978],[120.88628,14.79978]]]}},{"type":"Feature","properties":{},"geometry":{"type":"Polygon","coordinates":[[[120.78658,14.8014],[120.78658,14.79951],[120.78685,14.79951],[120.78685,14.79925],[120.78739,14.79925],[120.78739,14.79978],[120.78712,14.79978],[120.78712,14.80113],[120.78685,14.80113],[120.78685,14.8014],[120.78658,14.8014]]]}},{"type":"Feature","properties":{},"geometry":{"type":"Polygon","coordinates":[[[120.79898,14.80005],[120.79898,14.79925],[120.79925,14.79925],[120.79925,14.79951],[120.79951,14.79951],[120.79951,14.80005],[120.79898,14.80005]]]}},{"type":"Feature","properties":{},"geometry":{"type":"Polygon","coordinates":[[[120.88575,14.79951],[120.88575,14.79925],[120.88601,14.79925],[120.88601,14.79951],[120.88575,14.79951]]]}},{"type":"Feature","properties":{},"geometry":{"type":"Polygon","coordinates":[[[120.84694,14.79978],[120.84694,14.79898],[120.84721,14.79898],[120.84721,14.79978],[120.84694,14.79978]]]}},{"type":"Feature","properties":{},"geometry":{"type":"Polygon","coordinates":[[[120.80544,14.79951],[120.80544,14.79898],[120.80571,14.79898],[120.80571,14.79951],[120.80544,14.79951]]]}},{"type":"Feature","properties":{},"geometry":{"type":"Polygon","coordinates":[[[120.54487,14.79925],[120.54487,14.79898],[120.54514,14.79898],[120.54514,14.79925],[120.54487,14.79925]]]}},{"type":"Feature","properties":{},"geometry":{"type":"Polygon","coordinates":[[[120.82431,14.79925],[120.82431,14.79898],[120.82458,14.79898],[120.82458,14.79925],[120.82431,14.79925]]]}},{"type":"Feature","properties":{},"geometry":{"type":"Polygon","coordinates":[[[120.88601,14.79925],[120.88601,14.79898],[120.88628,14.79898],[120.88628,14.79925],[120.88601,14.79925]]]}},{"type":"Feature","properties":{},"geometry":{"type":"Polygon","coordinates":[[[120.74077,14.79925],[120.74077,14.79871],[120.74104,14.79871],[120.74104,14.79898],[120.74131,14.79898],[120.74131,14.79925],[120.74077,14.79925]]]}},{"type":"Feature","properties":{},"geometry":{"type":"Polygon","coordinates":[[[120.54514,14.79898],[120.54514,14.79871],[120.54541,14.79871],[120.54541,14.79898],[120.54514,14.79898]]]}},{"type":"Feature","properties":{},"geometry":{"type":"Polygon","coordinates":[[[120.79925,14.79898],[120.79925,14.79871],[120.80005,14.79871],[120.80005,14.79898],[120.79925,14.79898]]]}},{"type":"Feature","properties":{},"geometry":{"type":"Polygon","coordinates":[[[120.82862,14.79898],[120.82862,14.79871],[120.82889,14.79871],[120.82889,14.79898],[120.82862,14.79898]]]}},{"type":"Feature","properties":{},"geometry":{"type":"Polygon","coordinates":[[[120.89518,14.79898],[120.89518,14.79871],[120.89545,14.79871],[120.89545,14.79898],[120.89518,14.79898]]]}},{"type":"Feature","properties":{},"geometry":{"type":"Polygon","coordinates":[[[120.82404,14.79898],[120.82404,14.79844],[120.82431,14.79844],[120.82431,14.79898],[120.82404,14.79898]]]}},{"type":"Feature","properties":{},"geometry":{"type":"Polygon","coordinates":[[[120.88817,14.79978],[120.88817,14.79925],[120.8879,14.79925],[120.8879,14.79898],[120.88709,14.79898],[120.88709,14.79871],[120.88736,14.79871],[120.88736,14.79844],[120.88817,14.79844],[120.88817,14.79871],[120.88844,14.79871],[120.88844,14.79898],[120.88898,14.79898],[120.88898,14.79951],[120.88844,14.79951],[120.88844,14.79978],[120.88817,14.79978]]]}},{"type":"Feature","properties":{},"geometry":{"type":"Polygon","coordinates":[[[120.8049,14.79871],[120.8049,14.79844],[120.80517,14.79844],[120.80517,14.79871],[120.8049,14.79871]]]}},{"type":"Feature","properties":{},"geometry":{"type":"Polygon","coordinates":[[[120.84721,14.79871],[120.84721,14.79844],[120.84748,14.79844],[120.84748,14.79871],[120.84721,14.79871]]]}},{"type":"Feature","properties":{},"geometry":{"type":"Polygon","coordinates":[[[120.9038,14.79978],[120.9038,14.79951],[120.90353,14.79951],[120.90353,14.79925],[120.90326,14.79925],[120.90326,14.79898],[120.90272,14.79898],[120.90272,14.79871],[120.90245,14.79871],[120.90245,14.79844],[120.90299,14.79844],[120.90299,14.79871],[120.90353,14.79871],[120.90353,14.79898],[120.9038,14.79898],[120.9038,14.79925],[120.90407,14.79925],[120.90407,14.79978],[120.9038,14.79978]]]}},{"type":"Feature","properties":{},"geometry":{"type":"Polygon","coordinates":[[[120.76152,14.79978],[120.76152,14.79925],[120.76125,14.79925],[120.76125,14.79898],[120.76152,14.79898],[120.76152,14.79817],[120.76179,14.79817],[120.76179,14.79978],[120.76152,14.79978]]]}},{"type":"Feature","properties":{},"geometry":{"type":"Polygon","coordinates":[[[120.89598,14.79871],[120.89598,14.79817],[120.89625,14.79817],[120.89625,14.7979],[120.89652,14.7979],[120.89652,14.79817],[120.89679,14.79817],[120.89679,14.79844],[120.89625,14.79844],[120.89625,14.79871],[120.89598,14.79871]]]}},{"type":"Feature","properties":{},"geometry":{"type":"Polygon","coordinates":[[[120.80463,14.79844],[120.80463,14.7979],[120.8049,14.7979],[120.8049,14.79844],[120.80463,14.79844]]]}},{"type":"Feature","properties":{},"geometry":{"type":"Polygon","coordinates":[[[120.82377,14.79844],[120.82377,14.7979],[120.82404,14.7979],[120.82404,14.79844],[120.82377,14.79844]]]}},{"type":"Feature","properties":{},"geometry":{"type":"Polygon","coordinates":[[[120.79359,14.79817],[120.79359,14.7979],[120.79386,14.7979],[120.79386,14.79817],[120.79359,14.79817]]]}},{"type":"Feature","properties":{},"geometry":{"type":"Polygon","coordinates":[[[120.84802,14.79817],[120.84802,14.7979],[120.84829,14.7979],[120.84829,14.79817],[120.84802,14.79817]]]}},{"type":"Feature","properties":{},"geometry":{"type":"Polygon","coordinates":[[[120.89679,14.79817],[120.89679,14.7979],[120.89787,14.7979],[120.89787,14.79817],[120.89679,14.79817]]]}},{"type":"Feature","properties":{},"geometry":{"type":"Polygon","coordinates":[[[120.90164,14.79844],[120.90164,14.79817],[120.9011,14.79817],[120.9011,14.7979],[120.90191,14.7979],[120.90191,14.79817],[120.90245,14.79817],[120.90245,14.79844],[120.90164,14.79844]]]}},{"type":"Feature","properties":{},"geometry":{"type":"Polygon","coordinates":[[[120.80005,14.79844],[120.80005,14.7979],[120.80032,14.7979],[120.80032,14.79763],[120.80059,14.79763],[120.80059,14.79817],[120.80032,14.79817],[120.80032,14.79844],[120.80005,14.79844]]]}},{"type":"Feature","properties":{},"geometry":{"type":"Polygon","coordinates":[[[120.79413,14.7979],[120.79413,14.79763],[120.7944,14.79763],[120.7944,14.7979],[120.79413,14.7979]]]}},{"type":"Feature","properties":{},"geometry":{"type":"Polygon","coordinates":[[[120.91,14.7979],[120.91,14.79763],[120.91027,14.79763],[120.91027,14.7979],[120.91,14.7979]]]}},{"type":"Feature","properties":{},"geometry":{"type":"Polygon","coordinates":[[[120.82889,14.79871],[120.82889,14.79763],[120.82916,14.79763],[120.82916,14.79736],[120.82996,14.79736],[120.82996,14.79763],[120.8297,14.79763],[120.8297,14.7979],[120.82943,14.7979],[120.82943,14.79817],[120.82916,14.79817],[120.82916,14.79871],[120.82889,14.79871]]]}},{"type":"Feature","properties":{},"geometry":{"type":"Polygon","coordinates":[[[120.75909,14.7979],[120.75909,14.79763],[120.75883,14.79763],[120.75883,14.79709],[120.75936,14.79709],[120.75936,14.79736],[120.75963,14.79736],[120.75963,14.7979],[120.75909,14.7979]]]}},{"type":"Feature","properties":{},"geometry":{"type":"Polygon","coordinates":[[[120.79466,14.79763],[120.79466,14.79709],[120.7952,14.79709],[120.7952,14.79736],[120.79493,14.79736],[120.79493,14.79763],[120.79466,14.79763]]]}},{"type":"Feature","properties":{},"geometry":{"type":"Polygon","coordinates":[[[120.80059,14.79763],[120.80059,14.79709],[120.80086,14.79709],[120.80086,14.79763],[120.80059,14.79763]]]}},{"type":"Feature","properties":{},"geometry":{"type":"Polygon","coordinates":[[[120.76421,14.79817],[120.76421,14.79763],[120.76395,14.79763],[120.76395,14.79736],[120.76368,14.79736],[120.76368,14.79709],[120.76421,14.79709],[120.76421,14.79736],[120.76448,14.79736],[120.76448,14.79763],[120.76475,14.79763],[120.76475,14.79817],[120.76421,14.79817]]]}},{"type":"Feature","properties":{},"geometry":{"type":"Polygon","coordinates":[[[120.80032,14.79709],[120.80032,14.79682],[120.80059,14.79682],[120.80059,14.79709],[120.80032,14.79709]]]}},{"type":"Feature","properties":{},"geometry":{"type":"Polygon","coordinates":[[[120.79466,14.79682],[120.79466,14.79655],[120.79493,14.79655],[120.79493,14.79682],[120.79466,14.79682]]]}},{"type":"Feature","properties":{},"geometry":{"type":"Polygon","coordinates":[[[120.89545,14.79682],[120.89545,14.79655],[120.89598,14.79655],[120.89598,14.79682],[120.89545,14.79682]]]}},{"type":"Feature","properties":{},"geometry":{"type":"Polygon","coordinates":[[[120.8235,14.79763],[120.8235,14.79709],[120.82323,14.79709],[120.82323,14.79628],[120.82377,14.79628],[120.82377,14.79763],[120.8235,14.79763]]]}},{"type":"Feature","properties":{},"geometry":{"type":"Polygon","coordinates":[[[120.89033,14.79709],[120.89033,14.79628],[120.8906,14.79628],[120.8906,14.79709],[120.89033,14.79709]]]}},{"type":"Feature","properties":{},"geometry":{"type":"Polygon","coordinates":[[[120.79359,14.79655],[120.79359,14.79628],[120.79413,14.79628],[120.79413,14.79655],[120.79359,14.79655]]]}},{"type":"Feature","properties":{},"geometry":{"type":"Polygon","coordinates":[[[120.7944,14.79655],[120.7944,14.79628],[120.79466,14.79628],[120.79466,14.79655],[120.7944,14.79655]]]}},{"type":"Feature","properties":{},"geometry":{"type":"Polygon","coordinates":[[[120.79709,14.79655],[120.79709,14.79628],[120.7979,14.79628],[120.7979,14.79655],[120.79709,14.79655]]]}},{"type":"Feature","properties":{},"geometry":{"type":"Polygon","coordinates":[[[120.7979,14.79628],[120.7979,14.79601],[120.79817,14.79601],[120.79817,14.79628],[120.7979,14.79628]]]}},{"type":"Feature","properties":{},"geometry":{"type":"Polygon","coordinates":[[[120.80383,14.79628],[120.80383,14.79601],[120.80437,14.79601],[120.80437,14.79628],[120.80383,14.79628]]]}},{"type":"Feature","properties":{},"geometry":{"type":"Polygon","coordinates":[[[120.8941,14.79628],[120.8941,14.79601],[120.89437,14.79601],[120.89437,14.79628],[120.8941,14.79628]]]}},{"type":"Feature","properties":{},"geometry":{"type":"Polygon","coordinates":[[[120.79817,14.79601],[120.79817,14.79574],[120.79844,14.79574],[120.79844,14.79601],[120.79817,14.79601]]]}},{"type":"Feature","properties":{},"geometry":{"type":"Polygon","coordinates":[[[120.80005,14.79682],[120.80005,14.79628],[120.79978,14.79628],[120.79978,14.79601],[120.79951,14.79601],[120.79951,14.79574],[120.80005,14.79574],[120.80005,14.79601],[120.80032,14.79601],[120.80032,14.79682],[120.80005,14.79682]]]}},{"type":"Feature","properties":{},"geometry":{"type":"Polygon","coordinates":[[[120.80356,14.79601],[120.80356,14.79574],[120.80383,14.79574],[120.80383,14.79601],[120.80356,14.79601]]]}},{"type":"Feature","properties":{},"geometry":{"type":"Polygon","coordinates":[[[120.61574,14.8014],[120.61574,14.80113],[120.61547,14.80113],[120.61547,14.80086],[120.6152,14.80086],[120.6152,14.79978],[120.61493,14.79978],[120.61493,14.79925],[120.61574,14.79925],[120.61574,14.79898],[120.61601,14.79898],[120.61601,14.79844],[120.61628,14.79844],[120.61628,14.79709],[120.61574,14.79709],[120.61574,14.79682],[120.6152,14.79682],[120.6152,14.79655],[120.61574,14.79655],[120.61574,14.79628],[120.61547,14.79628],[120.61547,14.79601],[120.61574,14.79601],[120.61574,14.79574],[120.61628,14.79574],[120.61628,14.79547],[120.61708,14.79547],[120.61708,14.79601],[120.61681,14.79601],[120.61681,14.79871],[120.61708,14.79871],[120.61708,14.79898],[120.61681,14.79898],[120.61681,14.80086],[120.61655,14.80086],[120.61655,14.8014],[120.61574,14.8014]],[[120.6152,14.79978],[120.61547,14.79978],[120.61547,14.79951],[120.6152,14.79951],[120.6152,14.79978]]]}},{"type":"Feature","properties":{},"geometry":{"type":"Polygon","coordinates":[[[120.82296,14.79601],[120.82296,14.79547],[120.82323,14.79547],[120.82323,14.79601],[120.82296,14.79601]]]}},{"type":"Feature","properties":{},"geometry":{"type":"Polygon","coordinates":[[[120.79359,14.79574],[120.79359,14.79547],[120.79386,14.79547],[120.79386,14.79574],[120.79359,14.79574]]]}},{"type":"Feature","properties":{},"geometry":{"type":"Polygon","coordinates":[[[120.79925,14.79574],[120.79925,14.79547],[120.79951,14.79547],[120.79951,14.79574],[120.79925,14.79574]]]}},{"type":"Feature","properties":{},"geometry":{"type":"Polygon","coordinates":[[[120.84964,14.79601],[120.84964,14.79574],[120.8491,14.79574],[120.8491,14.79547],[120.84937,14.79547],[120.84937,14.7952],[120.84964,14.7952],[120.84964,14.79547],[120.84991,14.79547],[120.84991,14.79601],[120.84964,14.79601]]]}},{"type":"Feature","properties":{},"geometry":{"type":"Polygon","coordinates":[[[120.79386,14.79547],[120.79386,14.7952],[120.79413,14.7952],[120.79413,14.79547],[120.79386,14.79547]]]}},{"type":"Feature","properties":{},"geometry":{"type":"Polygon","coordinates":[[[120.79736,14.79547],[120.79736,14.7952],[120.79763,14.7952],[120.79763,14.79547],[120.79736,14.79547]]]}},{"type":"Feature","properties":{},"geometry":{"type":"Polygon","coordinates":[[[120.84856,14.79547],[120.84856,14.7952],[120.84883,14.7952],[120.84883,14.79547],[120.84856,14.79547]]]}},{"type":"Feature","properties":{},"geometry":{"type":"Polygon","coordinates":[[[120.89518,14.79547],[120.89518,14.7952],[120.89545,14.7952],[120.89545,14.79547],[120.89518,14.79547]]]}},{"type":"Feature","properties":{},"geometry":{"type":"Polygon","coordinates":[[[120.79844,14.79574],[120.79844,14.7952],[120.79871,14.7952],[120.79871,14.79493],[120.79898,14.79493],[120.79898,14.7952],[120.79925,14.7952],[120.79925,14.79547],[120.79871,14.79547],[120.79871,14.79574],[120.79844,14.79574]]]}},{"type":"Feature","properties":{},"geometry":{"type":"Polygon","coordinates":[[[120.79278,14.79547],[120.79278,14.7952],[120.79251,14.7952],[120.79251,14.79493],[120.79305,14.79493],[120.79305,14.7952],[120.79332,14.7952],[120.79332,14.79547],[120.79278,14.79547]]]}},{"type":"Feature","properties":{},"geometry":{"type":"Polygon","coordinates":[[[120.79413,14.7952],[120.79413,14.79493],[120.7944,14.79493],[120.7944,14.7952],[120.79413,14.7952]]]}},{"type":"Feature","properties":{},"geometry":{"type":"Polygon","coordinates":[[[120.89572,14.7952],[120.89572,14.79493],[120.89625,14.79493],[120.89625,14.7952],[120.89572,14.7952]]]}},{"type":"Feature","properties":{},"geometry":{"type":"Polygon","coordinates":[[[120.75909,14.7952],[120.75909,14.79466],[120.75936,14.79466],[120.75936,14.7952],[120.75909,14.7952]]]}},{"type":"Feature","properties":{},"geometry":{"type":"Polygon","coordinates":[[[120.54729,14.79493],[120.54729,14.79466],[120.54756,14.79466],[120.54756,14.79493],[120.54729,14.79493]]]}},{"type":"Feature","properties":{},"geometry":{"type":"Polygon","coordinates":[[[120.79143,14.79493],[120.79143,14.79466],[120.7917,14.79466],[120.7917,14.79493],[120.79143,14.79493]]]}},{"type":"Feature","properties":{},"geometry":{"type":"Polygon","coordinates":[[[120.79763,14.7952],[120.79763,14.7944],[120.7979,14.7944],[120.7979,14.7952],[120.79763,14.7952]]]}},{"type":"Feature","properties":{},"geometry":{"type":"Polygon","coordinates":[[[120.89033,14.79547],[120.89033,14.79493],[120.89006,14.79493],[120.89006,14.79466],[120.89033,14.79466],[120.89033,14.7944],[120.8906,14.7944],[120.8906,14.79547],[120.89033,14.79547]]]}},{"type":"Feature","properties":{},"geometry":{"type":"Polygon","coordinates":[[[120.79493,14.79466],[120.79493,14.7944],[120.7952,14.7944],[120.7952,14.79466],[120.79493,14.79466]]]}},{"type":"Feature","properties":{},"geometry":{"type":"Polygon","coordinates":[[[120.84829,14.7952],[120.84829,14.79493],[120.84802,14.79493],[120.84802,14.79413],[120.84829,14.79413],[120.84829,14.7944],[120.84856,14.7944],[120.84856,14.7952],[120.84829,14.7952]]]}},{"type":"Feature","properties":{},"geometry":{"type":"Polygon","coordinates":[[[120.76125,14.7944],[120.76125,14.79386],[120.76152,14.79386],[120.76152,14.79413],[120.76179,14.79413],[120.76179,14.7944],[120.76125,14.7944]]]}},{"type":"Feature","properties":{},"geometry":{"type":"Polygon","coordinates":[[[120.7952,14.7944],[120.7952,14.79413],[120.79655,14.79413],[120.79655,14.79386],[120.79736,14.79386],[120.79736,14.79413],[120.79763,14.79413],[120.79763,14.7944],[120.7952,14.7944]]]}},{"type":"Feature","properties":{},"geometry":{"type":"Polygon","coordinates":[[[120.79871,14.7944],[120.79871,14.79386],[120.79898,14.79386],[120.79898,14.7944],[120.79871,14.7944]]]}},{"type":"Feature","properties":{},"geometry":{"type":"Polygon","coordinates":[[[120.84964,14.79413],[120.84964,14.79386],[120.84991,14.79386],[120.84991,14.79413],[120.84964,14.79413]]]}},{"type":"Feature","properties":{},"geometry":{"type":"Polygon","coordinates":[[[120.84748,14.79413],[120.84748,14.79359],[120.84802,14.79359],[120.84802,14.79413],[120.84748,14.79413]]]}},{"type":"Feature","properties":{},"geometry":{"type":"Polygon","coordinates":[[[120.62032,14.80437],[120.62032,14.8041],[120.62005,14.8041],[120.62005,14.80302],[120.62032,14.80302],[120.62032,14.80248],[120.62059,14.80248],[120.62059,14.80221],[120.6214,14.80221],[120.6214,14.80194],[120.62167,14.80194],[120.62167,14.80167],[120.6222,14.80167],[120.6222,14.8014],[120.62167,14.8014],[120.62167,14.80113],[120.62113,14.80113],[120.62113,14.80059],[120.62086,14.80059],[120.62086,14.80032],[120.62059,14.80032],[120.62059,14.79951],[120.62086,14.79951],[120.62086,14.79925],[120.6214,14.79925],[120.6214,14.79871],[120.62113,14.79871],[120.62113,14.79844],[120.62086,14.79844],[120.62086,14.79709],[120.62113,14.79709],[120.62113,14.79682],[120.62167,14.79682],[120.62167,14.79655],[120.6214,14.79655],[120.6214,14.79601],[120.62113,14.79601],[120.62113,14.7952],[120.6214,14.7952],[120.6214,14.79493],[120.62167,14.79493],[120.62167,14.7944],[120.62193,14.7944],[120.62193,14.79413],[120.6222,14.79413],[120.6222,14.79359],[120.62247,14.79359],[120.62247,14.79332],[120.62382,14.79332],[120.62382,14.79413],[120.62355,14.79413],[120.62355,14.79466],[120.62382,14.79466],[120.62382,14.7952],[120.62409,14.7952],[120.62409,14.79574],[120.62436,14.79574],[120.62436,14.79628],[120.62463,14.79628],[120.62463,14.79682],[120.6249,14.79682],[120.6249,14.79871],[120.62463,14.79871],[120.62463,14.79951],[120.6249,14.79951],[120.6249,14.80113],[120.62463,14.80113],[120.62463,14.80275],[120.62436,14.80275],[120.62436,14.80383],[120.62328,14.80383],[120.62328,14.80356],[120.62247,14.80356],[120.62247,14.80329],[120.62086,14.80329],[120.62086,14.80356],[120.62059,14.80356],[120.62059,14.80437],[120.62032,14.80437]]]}},{"type":"Feature","properties":{},"geometry":{"type":"Polygon","coordinates":[[[120.54568,14.79817],[120.54568,14.7979],[120.54514,14.7979],[120.54514,14.79736],[120.5446,14.79736],[120.5446,14.79574],[120.54433,14.79574],[120.54433,14.79547],[120.5446,14.79547],[120.5446,14.7944],[120.54487,14.7944],[120.54487,14.79359],[120.54514,14.79359],[120.54514,14.79332],[120.54541,14.79332],[120.54541,14.79359],[120.54594,14.79359],[120.54594,14.79386],[120.54568,14.79386],[120.54568,14.79413],[120.54621,14.79413],[120.54621,14.7944],[120.54675,14.7944],[120.54675,14.79466],[120.54702,14.79466],[120.54702,14.79493],[120.54729,14.79493],[120.54729,14.79547],[120.54702,14.79547],[120.54702,14.79628],[120.54621,14.79628],[120.54621,14.79682],[120.54648,14.79682],[120.54648,14.79736],[120.54621,14.79736],[120.54621,14.79763],[120.54594,14.79763],[120.54594,14.79817],[120.54568,14.79817]]]}},{"type":"Feature","properties":{},"geometry":{"type":"Polygon","coordinates":[[[120.76098,14.79386],[120.76098,14.79332],[120.76152,14.79332],[120.76152,14.79359],[120.76125,14.79359],[120.76125,14.79386],[120.76098,14.79386]]]}},{"type":"Feature","properties":{},"geometry":{"type":"Polygon","coordinates":[[[120.84694,14.79359],[120.84694,14.79332],[120.84748,14.79332],[120.84748,14.79359],[120.84694,14.79359]]]}},{"type":"Feature","properties":{},"geometry":{"type":"Polygon","coordinates":[[[120.89464,14.79359],[120.89464,14.79332],[120.89491,14.79332],[120.89491,14.79359],[120.89464,14.79359]]]}},{"type":"Feature","properties":{},"geometry":{"type":"Polygon","coordinates":[[[120.89113,14.7944],[120.89113,14.79359],[120.8914,14.79359],[120.8914,14.79305],[120.89194,14.79305],[120.89194,14.79359],[120.89167,14.79359],[120.89167,14.79413],[120.8914,14.79413],[120.8914,14.7944],[120.89113,14.7944]]]}},{"type":"Feature","properties":{},"geometry":{"type":"Polygon","coordinates":[[[120.84613,14.79332],[120.84613,14.79305],[120.8464,14.79305],[120.8464,14.79332],[120.84613,14.79332]]]}},{"type":"Feature","properties":{},"geometry":{"type":"Polygon","coordinates":[[[120.8906,14.79332],[120.8906,14.79305],[120.89086,14.79305],[120.89086,14.79332],[120.8906,14.79332]]]}},{"type":"Feature","properties":{},"geometry":{"type":"Polygon","coordinates":[[[120.8941,14.79332],[120.8941,14.79305],[120.89383,14.79305],[120.89383,14.79278],[120.89437,14.79278],[120.89437,14.79305],[120.89464,14.79305],[120.89464,14.79332],[120.8941,14.79332]]]}},{"type":"Feature","properties":{},"geometry":{"type":"Polygon","coordinates":[[[120.89221,14.79278],[120.89221,14.79224],[120.89248,14.79224],[120.89248,14.79197],[120.89329,14.79197],[120.89329,14.79224],[120.89356,14.79224],[120.89356,14.79251],[120.89383,14.79251],[120.89383,14.79278],[120.89302,14.79278],[120.89302,14.79251],[120.89275,14.79251],[120.89275,14.79278],[120.89221,14.79278]]]}},{"type":"Feature","properties":{},"geometry":{"type":"Polygon","coordinates":[[[120.54514,14.7917],[120.54514,14.79143],[120.54568,14.79143],[120.54568,14.7917],[120.54514,14.7917]]]}},{"type":"Feature","properties":{},"geometry":{"type":"Polygon","coordinates":[[[120.8014,14.79143],[120.8014,14.79116],[120.80194,14.79116],[120.80194,14.79143],[120.8014,14.79143]]]}},{"type":"Feature","properties":{},"geometry":{"type":"Polygon","coordinates":[[[120.76098,14.79305],[120.76098,14.79062],[120.76152,14.79062],[120.76152,14.79089],[120.76179,14.79089],[120.76179,14.79116],[120.76152,14.79116],[120.76152,14.79143],[120.76125,14.79143],[120.76125,14.7917],[120.76152,14.7917],[120.76152,14.79224],[120.76125,14.79224],[120.76125,14.79305],[120.76098,14.79305]]]}},{"type":"Feature","properties":{},"geometry":{"type":"Polygon","coordinates":[[[120.76098,14.79035],[120.76098,14.79008],[120.76125,14.79008],[120.76125,14.79035],[120.76098,14.79035]]]}},{"type":"Feature","properties":{},"geometry":{"type":"Polygon","coordinates":[[[120.54594,14.79332],[120.54594,14.79278],[120.54568,14.79278],[120.54568,14.79305],[120.54541,14.79305],[120.54541,14.79251],[120.54568,14.79251],[120.54568,14.7917],[120.54594,14.7917],[120.54594,14.79035],[120.54648,14.79035],[120.54648,14.78981],[120.54675,14.78981],[120.54675,14.79062],[120.54702,14.79062],[120.54702,14.79035],[120.54729,14.79035],[120.54729,14.79008],[120.54864,14.79008],[120.54864,14.79035],[120.54891,14.79035],[120.54891,14.79089],[120.54864,14.79089],[120.54864,14.79116],[120.54837,14.79116],[120.54837,14.7917],[120.54864,14.7917],[120.54864,14.79224],[120.54837,14.79224],[120.54837,14.79251],[120.5481,14.79251],[120.5481,14.79332],[120.54729,14.79332],[120.54729,14.79305],[120.54621,14.79305],[120.54621,14.79332],[120.54594,14.79332]]]}},{"type":"Feature","properties":{},"geometry":{"type":"Polygon","coordinates":[[[120.63622,14.78954],[120.63622,14.78901],[120.63649,14.78901],[120.63649,14.78928],[120.63676,14.78928],[120.63676,14.78954],[120.63622,14.78954]]]}},{"type":"Feature","properties":{},"geometry":{"type":"Polygon","coordinates":[[[120.91431,14.78901],[120.91431,14.78874],[120.91458,14.78874],[120.91458,14.78901],[120.91431,14.78901]]]}},{"type":"Feature","properties":{},"geometry":{"type":"Polygon","coordinates":[[[120.91458,14.78874],[120.91458,14.78793],[120.91485,14.78793],[120.91485,14.78766],[120.91512,14.78766],[120.91512,14.78739],[120.91539,14.78739],[120.91539,14.78766],[120.91566,14.78766],[120.91566,14.78793],[120.91539,14.78793],[120.91539,14.7882],[120.91512,14.7882],[120.91512,14.78847],[120.91485,14.78847],[120.91485,14.78874],[120.91458,14.78874]]]}},{"type":"Feature","properties":{},"geometry":{"type":"Polygon","coordinates":[[[120.63676,14.78766],[120.63676,14.78739],[120.63703,14.78739],[120.63703,14.78766],[120.63676,14.78766]]]}},{"type":"Feature","properties":{},"geometry":{"type":"Polygon","coordinates":[[[120.75829,14.78793],[120.75829,14.78766],[120.75721,14.78766],[120.75721,14.78739],[120.75694,14.78739],[120.75694,14.78712],[120.75829,14.78712],[120.75829,14.78685],[120.75909,14.78685],[120.75909,14.78658],[120.75963,14.78658],[120.75963,14.78685],[120.7599,14.78685],[120.7599,14.78739],[120.76017,14.78739],[120.76017,14.78793],[120.75829,14.78793]]]}},{"type":"Feature","properties":{},"geometry":{"type":"Polygon","coordinates":[[[120.7564,14.78658],[120.7564,14.78604],[120.75721,14.78604],[120.75721,14.78631],[120.75748,14.78631],[120.75748,14.78658],[120.7564,14.78658]]]}},{"type":"Feature","properties":{},"geometry":{"type":"Polygon","coordinates":[[[120.77095,14.78577],[120.77095,14.7855],[120.77122,14.7855],[120.77122,14.78577],[120.77095,14.78577]]]}},{"type":"Feature","properties":{},"geometry":{"type":"Polygon","coordinates":[[[120.90838,14.78577],[120.90838,14.7855],[120.90865,14.7855],[120.90865,14.78577],[120.90838,14.78577]]]}},{"type":"Feature","properties":{},"geometry":{"type":"Polygon","coordinates":[[[120.76987,14.7855],[120.76987,14.78523],[120.77068,14.78523],[120.77068,14.7855],[120.76987,14.7855]]]}},{"type":"Feature","properties":{},"geometry":{"type":"Polygon","coordinates":[[[120.75586,14.78631],[120.75586,14.78604],[120.75532,14.78604],[120.75532,14.78577],[120.75505,14.78577],[120.75505,14.7855],[120.75478,14.7855],[120.75478,14.78496],[120.75451,14.78496],[120.75451,14.78469],[120.75424,14.78469],[120.75424,14.78442],[120.75478,14.78442],[120.75478,14.78469],[120.75505,14.78469],[120.75505,14.78496],[120.75532,14.78496],[120.75532,14.78523],[120.75586,14.78523],[120.75586,14.7855],[120.7564,14.7855],[120.7564,14.78604],[120.75613,14.78604],[120.75613,14.78631],[120.75586,14.78631]]]}},{"type":"Feature","properties":{},"geometry":{"type":"Polygon","coordinates":[[[120.78901,14.78469],[120.78901,14.78442],[120.78928,14.78442],[120.78928,14.78469],[120.78901,14.78469]]]}},{"type":"Feature","properties":{},"geometry":{"type":"Polygon","coordinates":[[[120.75397,14.78442],[120.75397,14.78416],[120.75424,14.78416],[120.75424,14.78442],[120.75397,14.78442]]]}},{"type":"Feature","properties":{},"geometry":{"type":"Polygon","coordinates":[[[120.90757,14.78442],[120.90757,14.78416],[120.90838,14.78416],[120.90838,14.78442],[120.90757,14.78442]]]}},{"type":"Feature","properties":{},"geometry":{"type":"Polygon","coordinates":[[[120.75371,14.78416],[120.75371,14.78389],[120.75397,14.78389],[120.75397,14.78416],[120.75371,14.78416]]]}},{"type":"Feature","properties":{},"geometry":{"type":"Polygon","coordinates":[[[120.90865,14.78416],[120.90865,14.78389],[120.90892,14.78389],[120.90892,14.78416],[120.90865,14.78416]]]}},{"type":"Feature","properties":{},"geometry":{"type":"Polygon","coordinates":[[[120.75344,14.78389],[120.75344,14.78362],[120.75371,14.78362],[120.75371,14.78389],[120.75344,14.78389]]]}},{"type":"Feature","properties":{},"geometry":{"type":"Polygon","coordinates":[[[120.54675,14.78335],[120.54675,14.78308],[120.54756,14.78308],[120.54756,14.78335],[120.54675,14.78335]]]}},{"type":"Feature","properties":{},"geometry":{"type":"Polygon","coordinates":[[[120.90676,14.78227],[120.90676,14.782],[120.90703,14.782],[120.90703,14.78227],[120.90676,14.78227]]]}},{"type":"Feature","properties":{},"geometry":{"type":"Polygon","coordinates":[[[120.84155,14.78119],[120.84155,14.78092],[120.84182,14.78092],[120.84182,14.78065],[120.84236,14.78065],[120.84236,14.78092],[120.84209,14.78092],[120.84209,14.78119],[120.84155,14.78119]]]}},{"type":"Feature","properties":{},"geometry":{"type":"Polygon","coordinates":[[[120.89518,14.78065],[120.89518,14.78038],[120.89545,14.78038],[120.89545,14.78065],[120.89518,14.78065]]]}},{"type":"Feature","properties":{},"geometry":{"type":"Polygon","coordinates":[[[120.90569,14.78065],[120.90569,14.78038],[120.90596,14.78038],[120.90596,14.78065],[120.90569,14.78065]]]}},{"type":"Feature","properties":{},"geometry":{"type":"Polygon","coordinates":[[[120.73323,14.78146],[120.73323,14.78011],[120.73376,14.78011],[120.73376,14.78065],[120.7335,14.78065],[120.7335,14.78146],[120.73323,14.78146]]]}},{"type":"Feature","properties":{},"geometry":{"type":"Polygon","coordinates":[[[120.89572,14.78065],[120.89572,14.78011],[120.89598,14.78011],[120.89598,14.78065],[120.89572,14.78065]]]}},{"type":"Feature","properties":{},"geometry":{"type":"Polygon","coordinates":[[[120.84263,14.78038],[120.84263,14.78011],[120.84317,14.78011],[120.84317,14.78038],[120.84263,14.78038]]]}},{"type":"Feature","properties":{},"geometry":{"type":"Polygon","coordinates":[[[120.84317,14.78011],[120.84317,14.77984],[120.84344,14.77984],[120.84344,14.78011],[120.84317,14.78011]]]}},{"type":"Feature","properties":{},"geometry":{"type":"Polygon","coordinates":[[[120.89491,14.78011],[120.89491,14.77984],[120.89518,14.77984],[120.89518,14.78011],[120.89491,14.78011]]]}},{"type":"Feature","properties":{},"geometry":{"type":"Polygon","coordinates":[[[120.90703,14.78092],[120.90703,14.78011],[120.9073,14.78011],[120.9073,14.77957],[120.90757,14.77957],[120.90757,14.78038],[120.9073,14.78038],[120.9073,14.78092],[120.90703,14.78092]]]}},{"type":"Feature","properties":{},"geometry":{"type":"Polygon","coordinates":[[[120.89464,14.77984],[120.89464,14.77957],[120.89491,14.77957],[120.89491,14.77984],[120.89464,14.77984]]]}},{"type":"Feature","properties":{},"geometry":{"type":"Polygon","coordinates":[[[120.75802,14.7793],[120.75802,14.77877],[120.75829,14.77877],[120.75829,14.7793],[120.75802,14.7793]]]}},{"type":"Feature","properties":{},"geometry":{"type":"Polygon","coordinates":[[[120.75775,14.77877],[120.75775,14.7785],[120.75802,14.7785],[120.75802,14.77877],[120.75775,14.77877]]]}},{"type":"Feature","properties":{},"geometry":{"type":"Polygon","coordinates":[[[120.92509,14.78065],[120.92509,14.78038],[120.92482,14.78038],[120.92482,14.77984],[120.92455,14.77984],[120.92455,14.7793],[120.92428,14.7793],[120.92428,14.77877],[120.92374,14.77877],[120.92374,14.77823],[120.92455,14.77823],[120.92455,14.77877],[120.92482,14.77877],[120.92482,14.77904],[120.92509,14.77904],[120.92509,14.77877],[120.92536,14.77877],[120.92536,14.7785],[120.92563,14.7785],[120.92563,14.77796],[120.9259,14.77796],[120.9259,14.77823],[120.92697,14.77823],[120.92697,14.7785],[120.92724,14.7785],[120.92724,14.77823],[120.92832,14.77823],[120.92832,14.77796],[120.92859,14.77796],[120.92859,14.7785],[120.92778,14.7785],[120.92778,14.77877],[120.92751,14.77877],[120.92751,14.77904],[120.92724,14.77904],[120.92724,14.7793],[120.92643,14.7793],[120.92643,14.77957],[120.92617,14.77957],[120.92617,14.78038],[120.9259,14.78038],[120.9259,14.78065],[120.92509,14.78065]],[[120.92509,14.7793],[120.92536,14.7793],[120.92536,14.77904],[120.92509,14.77904],[120.92509,14.7793]],[[120.92617,14.77904],[120.92643,14.77904],[120.92643,14.77877],[120.92617,14.77877],[120.92617,14.77904]]]}},{"type":"Feature","properties":{},"geometry":{"type":"Polygon","coordinates":[[[120.54864,14.77823],[120.54864,14.77796],[120.54945,14.77796],[120.54945,14.77823],[120.54864,14.77823]]]}},{"type":"Feature","properties":{},"geometry":{"type":"Polygon","coordinates":[[[120.84236,14.77823],[120.84236,14.77796],[120.84263,14.77796],[120.84263,14.77823],[120.84236,14.77823]]]}},{"type":"Feature","properties":{},"geometry":{"type":"Polygon","coordinates":[[[120.88709,14.77823],[120.88709,14.77796],[120.88736,14.77796],[120.88736,14.77823],[120.88709,14.77823]]]}},{"type":"Feature","properties":{},"geometry":{"type":"Polygon","coordinates":[[[120.54999,14.77796],[120.54999,14.77769],[120.55026,14.77769],[120.55026,14.77796],[120.54999,14.77796]]]}},{"type":"Feature","properties":{},"geometry":{"type":"Polygon","coordinates":[[[120.90569,14.78011],[120.90569,14.7793],[120.90596,14.7793],[120.90596,14.77823],[120.90622,14.77823],[120.90622,14.77769],[120.90649,14.77769],[120.90649,14.77688],[120.90676,14.77688],[120.90676,14.77796],[120.90649,14.77796],[120.90649,14.77957],[120.90622,14.77957],[120.90622,14.77984],[120.90596,14.77984],[120.90596,14.78011],[120.90569,14.78011]]]}},{"type":"Feature","properties":{},"geometry":{"type":"Polygon","coordinates":[[[120.92805,14.77688],[120.92805,14.77661],[120.92832,14.77661],[120.92832,14.77688],[120.92805,14.77688]]]}},{"type":"Feature","properties":{},"geometry":{"type":"Polygon","coordinates":[[[120.90676,14.77688],[120.90676,14.77634],[120.90703,14.77634],[120.90703,14.77688],[120.90676,14.77688]]]}},{"type":"Feature","properties":{},"geometry":{"type":"Polygon","coordinates":[[[120.90703,14.77634],[120.90703,14.77607],[120.9073,14.77607],[120.9073,14.77634],[120.90703,14.77634]]]}},{"type":"Feature","properties":{},"geometry":{"type":"Polygon","coordinates":[[[120.88736,14.77742],[120.88736,14.77688],[120.88763,14.77688],[120.88763,14.7758],[120.8879,14.7758],[120.8879,14.77634],[120.88817,14.77634],[120.88817,14.77661],[120.88844,14.77661],[120.88844,14.77688],[120.88871,14.77688],[120.88871,14.77715],[120.8879,14.77715],[120.8879,14.77742],[120.88736,14.77742]]]}},{"type":"Feature","properties":{},"geometry":{"type":"Polygon","coordinates":[[[120.74885,14.77634],[120.74885,14.7758],[120.74939,14.7758],[120.74939,14.77607],[120.74912,14.77607],[120.74912,14.77634],[120.74885,14.77634]]]}},{"type":"Feature","properties":{},"geometry":{"type":"Polygon","coordinates":[[[120.84182,14.77634],[120.84182,14.7758],[120.84209,14.7758],[120.84209,14.77634],[120.84182,14.77634]]]}},{"type":"Feature","properties":{},"geometry":{"type":"Polygon","coordinates":[[[120.88736,14.7758],[120.88736,14.77553],[120.88763,14.77553],[120.88763,14.7758],[120.88736,14.7758]]]}},{"type":"Feature","properties":{},"geometry":{"type":"Polygon","coordinates":[[[120.92832,14.77553],[120.92832,14.77526],[120.92859,14.77526],[120.92859,14.77553],[120.92832,14.77553]]]}},{"type":"Feature","properties":{},"geometry":{"type":"Polygon","coordinates":[[[120.92805,14.77526],[120.92805,14.77499],[120.92778,14.77499],[120.92778,14.77472],[120.92805,14.77472],[120.92805,14.77445],[120.92832,14.77445],[120.92832,14.77472],[120.92859,14.77472],[120.92859,14.77499],[120.92832,14.77499],[120.92832,14.77526],[120.92805,14.77526]]]}},{"type":"Feature","properties":{},"geometry":{"type":"Polygon","coordinates":[[[120.55053,14.77526],[120.55053,14.77445],[120.55079,14.77445],[120.55079,14.77418],[120.55106,14.77418],[120.55106,14.77392],[120.55133,14.77392],[120.55133,14.77418],[120.55187,14.77418],[120.55187,14.77472],[120.55133,14.77472],[120.55133,14.77499],[120.55106,14.77499],[120.55106,14.77526],[120.55053,14.77526]]]}},{"type":"Feature","properties":{},"geometry":{"type":"Polygon","coordinates":[[[120.93209,14.77418],[120.93209,14.77392],[120.93236,14.77392],[120.93236,14.77418],[120.93209,14.77418]]]}},{"type":"Feature","properties":{},"geometry":{"type":"Polygon","coordinates":[[[120.88979,14.77365],[120.88979,14.77338],[120.89006,14.77338],[120.89006,14.77365],[120.88979,14.77365]]]}},{"type":"Feature","properties":{},"geometry":{"type":"Polygon","coordinates":[[[120.8914,14.77365],[120.8914,14.77338],[120.89275,14.77338],[120.89275,14.77365],[120.8914,14.77365]]]}},{"type":"Feature","properties":{},"geometry":{"type":"Polygon","coordinates":[[[120.91512,14.77445],[120.91512,14.77338],[120.91539,14.77338],[120.91539,14.77311],[120.91566,14.77311],[120.91566,14.77392],[120.91539,14.77392],[120.91539,14.77445],[120.91512,14.77445]]]}},{"type":"Feature","properties":{},"geometry":{"type":"Polygon","coordinates":[[[120.93075,14.77392],[120.93075,14.77365],[120.93102,14.77365],[120.93102,14.77311],[120.93075,14.77311],[120.93075,14.77284],[120.93102,14.77284],[120.93102,14.77257],[120.93155,14.77257],[120.93155,14.77284],[120.93129,14.77284],[120.93129,14.77311],[120.93155,14.77311],[120.93155,14.77338],[120.93182,14.77338],[120.93182,14.77365],[120.93209,14.77365],[120.93209,14.77392],[120.93075,14.77392]]]}},{"type":"Feature","properties":{},"geometry":{"type":"Polygon","coordinates":[[[120.8367,14.77257],[120.8367,14.7723],[120.83724,14.7723],[120.83724,14.77257],[120.8367,14.77257]]]}},{"type":"Feature","properties":{},"geometry":{"type":"Polygon","coordinates":[[[120.83751,14.7723],[120.83751,14.77203],[120.83778,14.77203],[120.83778,14.7723],[120.83751,14.7723]]]}},{"type":"Feature","properties":{},"geometry":{"type":"Polygon","coordinates":[[[120.84452,14.77176],[120.84452,14.77149],[120.84506,14.77149],[120.84506,14.77176],[120.84452,14.77176]]]}},{"type":"Feature","properties":{},"geometry":{"type":"Polygon","coordinates":[[[120.65185,14.77176],[120.65185,14.77122],[120.65212,14.77122],[120.65212,14.77176],[120.65185,14.77176]]]}},{"type":"Feature","properties":{},"geometry":{"type":"Polygon","coordinates":[[[120.54999,14.77122],[120.54999,14.77068],[120.55026,14.77068],[120.55026,14.77122],[120.54999,14.77122]]]}},{"type":"Feature","properties":{},"geometry":{"type":"Polygon","coordinates":[[[120.75586,14.77122],[120.75586,14.77068],[120.75613,14.77068],[120.75613,14.77122],[120.75586,14.77122]]]}},{"type":"Feature","properties":{},"geometry":{"type":"Polygon","coordinates":[[[120.83724,14.77122],[120.83724,14.77068],[120.83751,14.77068],[120.83751,14.77122],[120.83724,14.77122]]]}},{"type":"Feature","properties":{},"geometry":{"type":"Polygon","coordinates":[[[120.91404,14.7723],[120.91404,14.77203],[120.91377,14.77203],[120.91377,14.77149],[120.91404,14.77149],[120.91404,14.77068],[120.91431,14.77068],[120.91431,14.77041],[120.91458,14.77041],[120.91458,14.77095],[120.91431,14.77095],[120.91431,14.77176],[120.91458,14.77176],[120.91458,14.77203],[120.91485,14.77203],[120.91485,14.7723],[120.91404,14.7723]]]}},{"type":"Feature","properties":{},"geometry":{"type":"Polygon","coordinates":[[[120.65158,14.77122],[120.65158,14.77041],[120.65185,14.77041],[120.65185,14.77122],[120.65158,14.77122]]]}},{"type":"Feature","properties":{},"geometry":{"type":"Polygon","coordinates":[[[120.84559,14.77068],[120.84559,14.77041],[120.84586,14.77041],[120.84586,14.77068],[120.84559,14.77068]]]}},{"type":"Feature","properties":{},"geometry":{"type":"Polygon","coordinates":[[[120.84586,14.77041],[120.84586,14.76987],[120.84613,14.76987],[120.84613,14.76933],[120.8464,14.76933],[120.8464,14.77014],[120.84613,14.77014],[120.84613,14.77041],[120.84586,14.77041]]]}},{"type":"Feature","properties":{},"geometry":{"type":"Polygon","coordinates":[[[120.65158,14.7696],[120.65158,14.76906],[120.65212,14.76906],[120.65212,14.76933],[120.65185,14.76933],[120.65185,14.7696],[120.65158,14.7696]]]}},{"type":"Feature","properties":{},"geometry":{"type":"Polygon","coordinates":[[[120.91215,14.77095],[120.91215,14.77014],[120.91242,14.77014],[120.91242,14.76906],[120.91269,14.76906],[120.91269,14.7688],[120.91296,14.7688],[120.91296,14.76933],[120.91269,14.76933],[120.91269,14.77068],[120.91242,14.77068],[120.91242,14.77095],[120.91215,14.77095]]]}},{"type":"Feature","properties":{},"geometry":{"type":"Polygon","coordinates":[[[120.66694,14.76906],[120.66694,14.76853],[120.66721,14.76853],[120.66721,14.76906],[120.66694,14.76906]]]}},{"type":"Feature","properties":{},"geometry":{"type":"Polygon","coordinates":[[[120.92401,14.76906],[120.92401,14.7688],[120.92428,14.7688],[120.92428,14.76853],[120.92482,14.76853],[120.92482,14.7688],[120.92455,14.7688],[120.92455,14.76906],[120.92401,14.76906]]]}},{"type":"Feature","properties":{},"geometry":{"type":"Polygon","coordinates":[[[120.84425,14.7688],[120.84425,14.76853],[120.84479,14.76853],[120.84479,14.7688],[120.84425,14.7688]]]}},{"type":"Feature","properties":{},"geometry":{"type":"Polygon","coordinates":[[[120.54972,14.77068],[120.54972,14.77041],[120.54945,14.77041],[120.54945,14.7696],[120.54918,14.7696],[120.54918,14.76826],[120.54945,14.76826],[120.54945,14.7688],[120.54972,14.7688],[120.54972,14.7696],[120.54999,14.7696],[120.54999,14.77068],[120.54972,14.77068]]]}},{"type":"Feature","properties":{},"geometry":{"type":"Polygon","coordinates":[[[120.84532,14.7688],[120.84532,14.76853],[120.84506,14.76853],[120.84506,14.76826],[120.84559,14.76826],[120.84559,14.76853],[120.84586,14.76853],[120.84586,14.7688],[120.84532,14.7688]]]}},{"type":"Feature","properties":{},"geometry":{"type":"Polygon","coordinates":[[[120.92482,14.76853],[120.92482,14.76826],[120.92536,14.76826],[120.92536,14.76853],[120.92482,14.76853]]]}},{"type":"Feature","properties":{},"geometry":{"type":"Polygon","coordinates":[[[120.65616,14.7688],[120.65616,14.76799],[120.6567,14.76799],[120.6567,14.76853],[120.65643,14.76853],[120.65643,14.7688],[120.65616,14.7688]]]}},{"type":"Feature","properties":{},"geometry":{"type":"Polygon","coordinates":[[[120.65831,14.76826],[120.65831,14.76799],[120.65858,14.76799],[120.65858,14.76826],[120.65831,14.76826]]]}},{"type":"Feature","properties":{},"geometry":{"type":"Polygon","coordinates":[[[120.92536,14.76826],[120.92536,14.76799],[120.9259,14.76799],[120.9259,14.76826],[120.92536,14.76826]]]}},{"type":"Feature","properties":{},"geometry":{"type":"Polygon","coordinates":[[[120.65885,14.76853],[120.65885,14.76799],[120.65966,14.76799],[120.65966,14.76772],[120.66074,14.76772],[120.66074,14.76799],[120.66047,14.76799],[120.66047,14.76826],[120.65993,14.76826],[120.65993,14.76853],[120.65885,14.76853]]]}},{"type":"Feature","properties":{},"geometry":{"type":"Polygon","coordinates":[[[120.54918,14.76799],[120.54918,14.76745],[120.54945,14.76745],[120.54945,14.76799],[120.54918,14.76799]]]}},{"type":"Feature","properties":{},"geometry":{"type":"Polygon","coordinates":[[[120.66289,14.76826],[120.66289,14.76799],[120.66182,14.76799],[120.66182,14.76772],[120.66155,14.76772],[120.66155,14.76745],[120.66316,14.76745],[120.66316,14.76772],[120.66586,14.76772],[120.66586,14.76799],[120.66613,14.76799],[120.66613,14.76826],[120.66289,14.76826]]]}},{"type":"Feature","properties":{},"geometry":{"type":"Polygon","coordinates":[[[120.73323,14.76718],[120.73323,14.76637],[120.7335,14.76637],[120.7335,14.76718],[120.73323,14.76718]]]}},{"type":"Feature","properties":{},"geometry":{"type":"Polygon","coordinates":[[[120.91296,14.76691],[120.91296,14.76637],[120.91323,14.76637],[120.91323,14.76691],[120.91296,14.76691]]]}},{"type":"Feature","properties":{},"geometry":{"type":"Polygon","coordinates":[[[120.54891,14.76664],[120.54891,14.7661],[120.54918,14.7661],[120.54918,14.76664],[120.54891,14.76664]]]}},{"type":"Feature","properties":{},"geometry":{"type":"Polygon","coordinates":[[[120.7335,14.76637],[120.7335,14.7661],[120.73376,14.7661],[120.73376,14.76637],[120.7335,14.76637]]]}},{"type":"Feature","properties":{},"geometry":{"type":"Polygon","coordinates":[[[120.84047,14.76583],[120.84047,14.76556],[120.84074,14.76556],[120.84074,14.76583],[120.84047,14.76583]]]}},{"type":"Feature","properties":{},"geometry":{"type":"Polygon","coordinates":[[[120.83832,14.76583],[120.83832,14.76556],[120.83886,14.76556],[120.83886,14.76529],[120.83967,14.76529],[120.83967,14.76556],[120.8394,14.76556],[120.8394,14.76583],[120.83832,14.76583]]]}},{"type":"Feature","properties":{},"geometry":{"type":"Polygon","coordinates":[[[120.83994,14.76556],[120.83994,14.76529],[120.84047,14.76529],[120.84047,14.76556],[120.83994,14.76556]]]}},{"type":"Feature","properties":{},"geometry":{"type":"Polygon","coordinates":[[[120.91431,14.76529],[120.91431,14.76502],[120.91485,14.76502],[120.91485,14.76529],[120.91431,14.76529]]]}},{"type":"Feature","properties":{},"geometry":{"type":"Polygon","coordinates":[[[120.91377,14.76502],[120.91377,14.76475],[120.91431,14.76475],[120.91431,14.76502],[120.91377,14.76502]]]}},{"type":"Feature","properties":{},"geometry":{"type":"Polygon","coordinates":[[[120.83643,14.76745],[120.83643,14.76718],[120.83589,14.76718],[120.83589,14.76664],[120.83562,14.76664],[120.83562,14.76637],[120.83508,14.76637],[120.83508,14.7661],[120.83482,14.7661],[120.83482,14.76583],[120.83455,14.76583],[120.83455,14.76556],[120.83428,14.76556],[120.83428,14.76529],[120.83401,14.76529],[120.83401,14.76502],[120.83374,14.76502],[120.83374,14.76475],[120.83347,14.76475],[120.83347,14.76448],[120.83293,14.76448],[120.83293,14.76395],[120.83266,14.76395],[120.83266,14.76368],[120.8332,14.76368],[120.8332,14.76341],[120.83347,14.76341],[120.83347,14.76368],[120.83374,14.76368],[120.83374,14.76395],[120.83401,14.76395],[120.83401,14.76421],[120.83428,14.76421],[120.83428,14.76448],[120.83455,14.76448],[120.83455,14.76502],[120.83482,14.76502],[120.83482,14.76529],[120.83508,14.76529],[120.83508,14.76556],[120.83535,14.76556],[120.83535,14.76583],[120.83589,14.76583],[120.83589,14.7661],[120.83751,14.7661],[120.83751,14.76583],[120.83832,14.76583],[120.83832,14.76637],[120.83805,14.76637],[120.83805,14.76664],[120.83778,14.76664],[120.83778,14.76691],[120.83751,14.76691],[120.83751,14.76718],[120.83697,14.76718],[120.83697,14.76745],[120.83643,14.76745]]]}},{"type":"Feature","properties":{},"geometry":{"type":"Polygon","coordinates":[[[120.54621,14.76368],[120.54621,14.76341],[120.54648,14.76341],[120.54648,14.76368],[120.54621,14.76368]]]}},{"type":"Feature","properties":{},"geometry":{"type":"Polygon","coordinates":[[[120.54891,14.76529],[120.54891,14.76368],[120.54837,14.76368],[120.54837,14.76341],[120.54702,14.76341],[120.54702,14.76314],[120.54945,14.76314],[120.54945,14.76341],[120.54918,14.76341],[120.54918,14.76395],[120.54945,14.76395],[120.54945,14.76529],[120.54891,14.76529]]]}},{"type":"Feature","properties":{},"geometry":{"type":"Polygon","coordinates":[[[120.54541,14.76314],[120.54541,14.7626],[120.54568,14.7626],[120.54568,14.76314],[120.54541,14.76314]]]}},{"type":"Feature","properties":{},"geometry":{"type":"Polygon","coordinates":[[[120.54514,14.76233],[120.54514,14.76179],[120.54541,14.76179],[120.54541,14.76233],[120.54514,14.76233]]]}},{"type":"Feature","properties":{},"geometry":{"type":"Polygon","coordinates":[[[120.54945,14.76233],[120.54945,14.76179],[120.54972,14.76179],[120.54972,14.76233],[120.54945,14.76233]]]}},{"type":"Feature","properties":{},"geometry":{"type":"Polygon","coordinates":[[[120.80356,14.76125],[120.80356,14.76098],[120.80383,14.76098],[120.80383,14.76125],[120.80356,14.76125]]]}},{"type":"Feature","properties":{},"geometry":{"type":"Polygon","coordinates":[[[120.82835,14.76098],[120.82835,14.76071],[120.82862,14.76071],[120.82862,14.76098],[120.82835,14.76098]]]}},{"type":"Feature","properties":{},"geometry":{"type":"Polygon","coordinates":[[[120.80383,14.76098],[120.80383,14.76071],[120.8041,14.76071],[120.8041,14.76044],[120.80437,14.76044],[120.80437,14.76098],[120.80383,14.76098]]]}},{"type":"Feature","properties":{},"geometry":{"type":"Polygon","coordinates":[[[120.83023,14.76152],[120.83023,14.76125],[120.82943,14.76125],[120.82943,14.76098],[120.82916,14.76098],[120.82916,14.76071],[120.82862,14.76071],[120.82862,14.76017],[120.82889,14.76017],[120.82889,14.75963],[120.8297,14.75963],[120.8297,14.7599],[120.82996,14.7599],[120.82996,14.76044],[120.83023,14.76044],[120.83023,14.76098],[120.8305,14.76098],[120.8305,14.76125],[120.83077,14.76125],[120.83077,14.76152],[120.83023,14.76152]]]}},{"type":"Feature","properties":{},"geometry":{"type":"Polygon","coordinates":[[[120.79278,14.76044],[120.79278,14.76017],[120.79305,14.76017],[120.79305,14.7599],[120.79386,14.7599],[120.79386,14.75963],[120.79413,14.75963],[120.79413,14.76017],[120.79359,14.76017],[120.79359,14.76044],[120.79278,14.76044]]]}},{"type":"Feature","properties":{},"geometry":{"type":"Polygon","coordinates":[[[120.91566,14.76017],[120.91566,14.75963],[120.91593,14.75963],[120.91593,14.76017],[120.91566,14.76017]]]}},{"type":"Feature","properties":{},"geometry":{"type":"Polygon","coordinates":[[[120.82835,14.75963],[120.82835,14.75936],[120.82862,14.75936],[120.82862,14.75963],[120.82835,14.75963]]]}},{"type":"Feature","properties":{},"geometry":{"type":"Polygon","coordinates":[[[120.91593,14.75963],[120.91593,14.75936],[120.9162,14.75936],[120.9162,14.75963],[120.91593,14.75963]]]}},{"type":"Feature","properties":{},"geometry":{"type":"Polygon","coordinates":[[[120.80383,14.7599],[120.80383,14.75909],[120.8041,14.75909],[120.8041,14.75936],[120.80437,14.75936],[120.80437,14.7599],[120.80383,14.7599]]]}},{"type":"Feature","properties":{},"geometry":{"type":"Polygon","coordinates":[[[120.82862,14.75936],[120.82862,14.75909],[120.82889,14.75909],[120.82889,14.75936],[120.82862,14.75936]]]}},{"type":"Feature","properties":{},"geometry":{"type":"Polygon","coordinates":[[[120.80356,14.75909],[120.80356,14.75883],[120.80383,14.75883],[120.80383,14.75909],[120.80356,14.75909]]]}},{"type":"Feature","properties":{},"geometry":{"type":"Polygon","coordinates":[[[120.79736,14.76044],[120.79736,14.76017],[120.79763,14.76017],[120.79763,14.7599],[120.7979,14.7599],[120.7979,14.75963],[120.79817,14.75963],[120.79817,14.75936],[120.79898,14.75936],[120.79898,14.75909],[120.79925,14.75909],[120.79925,14.75883],[120.79978,14.75883],[120.79978,14.75856],[120.80086,14.75856],[120.80086,14.75883],[120.80113,14.75883],[120.80113,14.75909],[120.80059,14.75909],[120.80059,14.75936],[120.79978,14.75936],[120.79978,14.75963],[120.79898,14.75963],[120.79898,14.7599],[120.79871,14.7599],[120.79871,14.76017],[120.79817,14.76017],[120.79817,14.76044],[120.79736,14.76044]]]}},{"type":"Feature","properties":{},"geometry":{"type":"Polygon","coordinates":[[[120.7944,14.75963],[120.7944,14.75936],[120.79386,14.75936],[120.79386,14.75909],[120.79359,14.75909],[120.79359,14.75856],[120.79493,14.75856],[120.79493,14.75909],[120.7952,14.75909],[120.7952,14.75963],[120.7944,14.75963]]]}},{"type":"Feature","properties":{},"geometry":{"type":"Polygon","coordinates":[[[120.82889,14.75883],[120.82889,14.75856],[120.82916,14.75856],[120.82916,14.75883],[120.82889,14.75883]]]}},{"type":"Feature","properties":{},"geometry":{"type":"Polygon","coordinates":[[[120.82808,14.75829],[120.82808,14.75802],[120.82835,14.75802],[120.82835,14.75829],[120.82808,14.75829]]]}},{"type":"Feature","properties":{},"geometry":{"type":"Polygon","coordinates":[[[120.82943,14.75829],[120.82943,14.75802],[120.8297,14.75802],[120.8297,14.75829],[120.82943,14.75829]]]}},{"type":"Feature","properties":{},"geometry":{"type":"Polygon","coordinates":[[[120.54945,14.76152],[120.54945,14.7599],[120.54972,14.7599],[120.54972,14.75909],[120.54999,14.75909],[120.54999,14.75802],[120.55026,14.75802],[120.55026,14.75775],[120.55053,14.75775],[120.55053,14.75909],[120.55026,14.75909],[120.55026,14.75963],[120.54999,14.75963],[120.54999,14.76125],[120.54972,14.76125],[120.54972,14.76152],[120.54945,14.76152]]]}},{"type":"Feature","properties":{},"geometry":{"type":"Polygon","coordinates":[[[120.82781,14.75802],[120.82781,14.75775],[120.82808,14.75775],[120.82808,14.75802],[120.82781,14.75802]]]}},{"type":"Feature","properties":{},"geometry":{"type":"Polygon","coordinates":[[[120.79493,14.75856],[120.79493,14.75829],[120.79466,14.75829],[120.79466,14.75775],[120.79493,14.75775],[120.79493,14.75748],[120.79574,14.75748],[120.79574,14.75775],[120.79547,14.75775],[120.79547,14.75829],[120.7952,14.75829],[120.7952,14.75856],[120.79493,14.75856]]]}},{"type":"Feature","properties":{},"geometry":{"type":"Polygon","coordinates":[[[120.917,14.75802],[120.917,14.75748],[120.91727,14.75748],[120.91727,14.75802],[120.917,14.75802]]]}},{"type":"Feature","properties":{},"geometry":{"type":"Polygon","coordinates":[[[120.80787,14.7599],[120.80787,14.75963],[120.80733,14.75963],[120.80733,14.75936],[120.80706,14.75936],[120.80706,14.75909],[120.80679,14.75909],[120.80679,14.75883],[120.80652,14.75883],[120.80652,14.75829],[120.80598,14.75829],[120.80598,14.75802],[120.80571,14.75802],[120.80571,14.75748],[120.80625,14.75748],[120.80625,14.75721],[120.80841,14.75721],[120.80841,14.75748],[120.80868,14.75748],[120.80868,14.75721],[120.80895,14.75721],[120.80895,14.75775],[120.80922,14.75775],[120.80922,14.75829],[120.80895,14.75829],[120.80895,14.75883],[120.80868,14.75883],[120.80868,14.75963],[120.80841,14.75963],[120.80841,14.7599],[120.80787,14.7599]]]}},{"type":"Feature","properties":{},"geometry":{"type":"Polygon","coordinates":[[[120.80356,14.75748],[120.80356,14.75721],[120.80383,14.75721],[120.80383,14.75748],[120.80356,14.75748]]]}},{"type":"Feature","properties":{},"geometry":{"type":"Polygon","coordinates":[[[120.8041,14.75829],[120.8041,14.75802],[120.80437,14.75802],[120.80437,14.75775],[120.80463,14.75775],[120.80463,14.75748],[120.80437,14.75748],[120.80437,14.75721],[120.8049,14.75721],[120.8049,14.75748],[120.80517,14.75748],[120.80517,14.75829],[120.8041,14.75829]]]}},{"type":"Feature","properties":{},"geometry":{"type":"Polygon","coordinates":[[[120.55053,14.75775],[120.55053,14.75694],[120.55079,14.75694],[120.55079,14.75775],[120.55053,14.75775]]]}},{"type":"Feature","properties":{},"geometry":{"type":"Polygon","coordinates":[[[120.80383,14.75721],[120.80383,14.75667],[120.80437,14.75667],[120.80437,14.75721],[120.80383,14.75721]]]}},{"type":"Feature","properties":{},"geometry":{"type":"Polygon","coordinates":[[[120.80302,14.75613],[120.80302,14.75586],[120.80329,14.75586],[120.80329,14.75613],[120.80302,14.75613]]]}},{"type":"Feature","properties":{},"geometry":{"type":"Polygon","coordinates":[[[120.80194,14.75694],[120.80194,14.75667],[120.80167,14.75667],[120.80167,14.7564],[120.8014,14.7564],[120.8014,14.75613],[120.80167,14.75613],[120.80167,14.75586],[120.80194,14.75586],[120.80194,14.75532],[120.80275,14.75532],[120.80275,14.75559],[120.80302,14.75559],[120.80302,14.75586],[120.80248,14.75586],[120.80248,14.75613],[120.80221,14.75613],[120.80221,14.75694],[120.80194,14.75694]]]}},{"type":"Feature","properties":{},"geometry":{"type":"Polygon","coordinates":[[[120.91215,14.75586],[120.91215,14.75532],[120.91269,14.75532],[120.91269,14.75559],[120.91242,14.75559],[120.91242,14.75586],[120.91215,14.75586]]]}},{"type":"Feature","properties":{},"geometry":{"type":"Polygon","coordinates":[[[120.91512,14.75586],[120.91512,14.75532],[120.91566,14.75532],[120.91566,14.75586],[120.91512,14.75586]]]}},{"type":"Feature","properties":{},"geometry":{"type":"Polygon","coordinates":[[[120.55079,14.75667],[120.55079,14.75532],[120.55106,14.75532],[120.55106,14.75505],[120.55133,14.75505],[120.55133,14.75613],[120.55106,14.75613],[120.55106,14.75667],[120.55079,14.75667]]]}},{"type":"Feature","properties":{},"geometry":{"type":"Polygon","coordinates":[[[120.93587,14.75478],[120.93587,14.75424],[120.93614,14.75424],[120.93614,14.75478],[120.93587,14.75478]]]}},{"type":"Feature","properties":{},"geometry":{"type":"Polygon","coordinates":[[[120.9003,14.75397],[120.9003,14.75371],[120.89949,14.75371],[120.89949,14.75344],[120.89976,14.75344],[120.89976,14.75317],[120.90003,14.75317],[120.90003,14.75344],[120.90057,14.75344],[120.90057,14.75371],[120.9011,14.75371],[120.9011,14.75397],[120.9003,14.75397]]]}},{"type":"Feature","properties":{},"geometry":{"type":"Polygon","coordinates":[[[120.84748,14.75344],[120.84748,14.75317],[120.84775,14.75317],[120.84775,14.75344],[120.84748,14.75344]]]}},{"type":"Feature","properties":{},"geometry":{"type":"Polygon","coordinates":[[[120.84721,14.75317],[120.84721,14.7529],[120.84748,14.7529],[120.84748,14.75317],[120.84721,14.75317]]]}},{"type":"Feature","properties":{},"geometry":{"type":"Polygon","coordinates":[[[120.89922,14.75344],[120.89922,14.75317],[120.89895,14.75317],[120.89895,14.75263],[120.89922,14.75263],[120.89922,14.7529],[120.89949,14.7529],[120.89949,14.75344],[120.89922,14.75344]]]}},{"type":"Feature","properties":{},"geometry":{"type":"Polygon","coordinates":[[[120.84694,14.7529],[120.84694,14.75263],[120.84721,14.75263],[120.84721,14.7529],[120.84694,14.7529]]]}},{"type":"Feature","properties":{},"geometry":{"type":"Polygon","coordinates":[[[120.84586,14.75263],[120.84586,14.75236],[120.84694,14.75236],[120.84694,14.75263],[120.84586,14.75263]]]}},{"type":"Feature","properties":{},"geometry":{"type":"Polygon","coordinates":[[[120.93614,14.75263],[120.93614,14.75236],[120.93641,14.75236],[120.93641,14.75263],[120.93614,14.75263]]]}},{"type":"Feature","properties":{},"geometry":{"type":"Polygon","coordinates":[[[120.94045,14.75344],[120.94045,14.75209],[120.94099,14.75209],[120.94099,14.75236],[120.94126,14.75236],[120.94126,14.75263],[120.94099,14.75263],[120.94099,14.75317],[120.94126,14.75317],[120.94126,14.7529],[120.94179,14.7529],[120.94179,14.75317],[120.94153,14.75317],[120.94153,14.75344],[120.94045,14.75344]]]}},{"type":"Feature","properties":{},"geometry":{"type":"Polygon","coordinates":[[[120.89868,14.75263],[120.89868,14.75209],[120.89895,14.75209],[120.89895,14.75263],[120.89868,14.75263]]]}},{"type":"Feature","properties":{},"geometry":{"type":"Polygon","coordinates":[[[120.55187,14.75101],[120.55187,14.75074],[120.55214,14.75074],[120.55214,14.75101],[120.55187,14.75101]]]}},{"type":"Feature","properties":{},"geometry":{"type":"Polygon","coordinates":[[[120.93075,14.75074],[120.93075,14.75047],[120.93129,14.75047],[120.93129,14.75074],[120.93075,14.75074]]]}},{"type":"Feature","properties":{},"geometry":{"type":"Polygon","coordinates":[[[120.55268,14.75047],[120.55268,14.7502],[120.55295,14.7502],[120.55295,14.75047],[120.55268,14.75047]]]}},{"type":"Feature","properties":{},"geometry":{"type":"Polygon","coordinates":[[[120.55187,14.75047],[120.55187,14.7502],[120.55214,14.7502],[120.55214,14.74993],[120.55268,14.74993],[120.55268,14.7502],[120.55241,14.7502],[120.55241,14.75047],[120.55187,14.75047]]]}},{"type":"Feature","properties":{},"geometry":{"type":"Polygon","coordinates":[[[120.93129,14.75047],[120.93129,14.74993],[120.93155,14.74993],[120.93155,14.75047],[120.93129,14.75047]]]}},{"type":"Feature","properties":{},"geometry":{"type":"Polygon","coordinates":[[[120.94907,14.7502],[120.94907,14.74993],[120.94934,14.74993],[120.94934,14.7502],[120.94907,14.7502]]]}},{"type":"Feature","properties":{},"geometry":{"type":"Polygon","coordinates":[[[120.94018,14.74993],[120.94018,14.74966],[120.94072,14.74966],[120.94072,14.74993],[120.94018,14.74993]]]}},{"type":"Feature","properties":{},"geometry":{"type":"Polygon","coordinates":[[[120.93694,14.75532],[120.93694,14.75505],[120.93641,14.75505],[120.93641,14.75451],[120.93667,14.75451],[120.93667,14.75397],[120.93641,14.75397],[120.93641,14.75371],[120.93614,14.75371],[120.93614,14.75344],[120.93506,14.75344],[120.93506,14.75397],[120.93533,14.75397],[120.93533,14.75424],[120.93479,14.75424],[120.93479,14.75451],[120.93452,14.75451],[120.93452,14.75424],[120.93425,14.75424],[120.93425,14.75397],[120.93371,14.75397],[120.93371,14.75371],[120.93344,14.75371],[120.93344,14.75344],[120.9329,14.75344],[120.9329,14.75317],[120.93317,14.75317],[120.93317,14.7529],[120.9329,14.7529],[120.9329,14.75263],[120.93317,14.75263],[120.93317,14.75236],[120.93371,14.75236],[120.93371,14.75182],[120.93344,14.75182],[120.93344,14.75209],[120.9329,14.75209],[120.9329,14.75236],[120.93236,14.75236],[120.93236,14.75263],[120.93129,14.75263],[120.93129,14.75236],[120.93048,14.75236],[120.93048,14.75128],[120.93155,14.75128],[120.93155,14.75074],[120.93182,14.75074],[120.93182,14.7502],[120.93209,14.7502],[120.93209,14.74993],[120.93263,14.74993],[120.93263,14.74966],[120.93344,14.74966],[120.93344,14.74993],[120.93371,14.74993],[120.93371,14.74966],[120.93398,14.74966],[120.93398,14.74939],[120.93587,14.74939],[120.93587,14.74966],[120.93614,14.74966],[120.93614,14.74993],[120.93641,14.74993],[120.93641,14.7502],[120.93667,14.7502],[120.93667,14.74993],[120.93694,14.74993],[120.93694,14.7502],[120.93748,14.7502],[120.93748,14.74993],[120.93775,14.74993],[120.93775,14.74939],[120.93829,14.74939],[120.93829,14.74993],[120.93802,14.74993],[120.93802,14.7502],[120.93829,14.7502],[120.93829,14.75047],[120.93856,14.75047],[120.93856,14.74993],[120.93883,14.74993],[120.93883,14.75074],[120.93856,14.75074],[120.93856,14.75101],[120.93829,14.75101],[120.93829,14.75155],[120.93775,14.75155],[120.93775,14.75209],[120.93829,14.75209],[120.93829,14.75236],[120.93856,14.75236],[120.93856,14.75317],[120.93883,14.75317],[120.93883,14.75478],[120.93856,14.75478],[120.93856,14.75505],[120.93829,14.75505],[120.93829,14.75532],[120.93694,14.75532]],[[120.93667,14.75478],[120.93721,14.75478],[120.93721,14.75424],[120.93694,14.75424],[120.93694,14.75451],[120.93667,14.75451],[120.93667,14.75478]],[[120.93802,14.75451],[120.93829,14.75451],[120.93829,14.75424],[120.93802,14.75424],[120.93802,14.75451]],[[120.93614,14.75344],[120.93641,14.75344],[120.93641,14.7529],[120.93721,14.7529],[120.93721,14.75263],[120.93667,14.75263],[120.93667,14.75236],[120.93641,14.75236],[120.93641,14.75209],[120.93614,14.75209],[120.93614,14.75182],[120.9356,14.75182],[120.9356,14.75155],[120.93506,14.75155],[120.93506,14.75128],[120.93452,14.75128],[120.93452,14.75155],[120.93479,14.75155],[120.93479,14.75182],[120.93506,14.75182],[120.93506,14.75263],[120.93533,14.75263],[120.93533,14.7529],[120.9356,14.7529],[120.9356,14.75317],[120.93614,14.75317],[120.93614,14.75344]],[[120.93506,14.75317],[120.93533,14.75317],[120.93533,14.7529],[120.93506,14.7529],[120.93506,14.75317]],[[120.93802,14.75317],[120.93829,14.75317],[120.93829,14.75263],[120.93802,14.75263],[120.93802,14.75236],[120.93775,14.75236],[120.93775,14.7529],[120.93802,14.7529],[120.93802,14.75317]],[[120.93721,14.75263],[120.93748,14.75263],[120.93748,14.75236],[120.93721,14.75236],[120.93721,14.75263]],[[120.93398,14.75236],[120.93425,14.75236],[120.93425,14.75209],[120.93398,14.75209],[120.93398,14.75236]],[[120.93425,14.75209],[120.93479,14.75209],[120.93479,14.75182],[120.93425,14.75182],[120.93425,14.75209]],[[120.93425,14.75128],[120.93452,14.75128],[120.93452,14.75074],[120.93425,14.75074],[120.93425,14.75128]],[[120.93398,14.75074],[120.93425,14.75074],[120.93425,14.75047],[120.93398,14.75047],[120.93398,14.75074]],[[120.93452,14.75074],[120.93479,14.75074],[120.93479,14.75047],[120.93452,14.75047],[120.93452,14.75074]],[[120.93802,14.75074],[120.93829,14.75074],[120.93829,14.75047],[120.93802,14.75047],[120.93802,14.75074]]]}},{"type":"Feature","properties":{},"geometry":{"type":"Polygon","coordinates":[[[120.91269,14.74993],[120.91269,14.74939],[120.91296,14.74939],[120.91296,14.74993],[120.91269,14.74993]]]}},{"type":"Feature","properties":{},"geometry":{"type":"Polygon","coordinates":[[[120.94853,14.74966],[120.94853,14.74939],[120.9488,14.74939],[120.9488,14.74966],[120.94853,14.74966]]]}},{"type":"Feature","properties":{},"geometry":{"type":"Polygon","coordinates":[[[120.55457,14.75047],[120.55457,14.74993],[120.55403,14.74993],[120.55403,14.7502],[120.55322,14.7502],[120.55322,14.74993],[120.55295,14.74993],[120.55295,14.74966],[120.55322,14.74966],[120.55322,14.74939],[120.55349,14.74939],[120.55349,14.74912],[120.55376,14.74912],[120.55376,14.74939],[120.55403,14.74939],[120.55403,14.74966],[120.5543,14.74966],[120.5543,14.74939],[120.55511,14.74939],[120.55511,14.74966],[120.55538,14.74966],[120.55538,14.74993],[120.55511,14.74993],[120.55511,14.7502],[120.55484,14.7502],[120.55484,14.75047],[120.55457,14.75047]],[[120.55349,14.74993],[120.55376,14.74993],[120.55376,14.74966],[120.55349,14.74966],[120.55349,14.74993]]]}},{"type":"Feature","properties":{},"geometry":{"type":"Polygon","coordinates":[[[120.94826,14.74939],[120.94826,14.74912],[120.94853,14.74912],[120.94853,14.74939],[120.94826,14.74939]]]}},{"type":"Feature","properties":{},"geometry":{"type":"Polygon","coordinates":[[[120.94206,14.74993],[120.94206,14.74966],[120.94153,14.74966],[120.94153,14.74885],[120.94179,14.74885],[120.94179,14.74939],[120.94206,14.74939],[120.94206,14.74912],[120.94233,14.74912],[120.94233,14.74993],[120.94206,14.74993]]]}},{"type":"Feature","properties":{},"geometry":{"type":"Polygon","coordinates":[[[120.94799,14.74912],[120.94799,14.74885],[120.94826,14.74885],[120.94826,14.74912],[120.94799,14.74912]]]}},{"type":"Feature","properties":{},"geometry":{"type":"Polygon","coordinates":[[[120.90973,14.74939],[120.90973,14.74859],[120.91027,14.74859],[120.91027,14.74939],[120.90973,14.74939]]]}},{"type":"Feature","properties":{},"geometry":{"type":"Polygon","coordinates":[[[120.94772,14.74885],[120.94772,14.74859],[120.94799,14.74859],[120.94799,14.74885],[120.94772,14.74885]]]}},{"type":"Feature","properties":{},"geometry":{"type":"Polygon","coordinates":[[[120.91242,14.74859],[120.91242,14.74832],[120.91215,14.74832],[120.91215,14.74805],[120.91269,14.74805],[120.91269,14.74859],[120.91242,14.74859]]]}},{"type":"Feature","properties":{},"geometry":{"type":"Polygon","coordinates":[[[120.94745,14.74832],[120.94745,14.74805],[120.94772,14.74805],[120.94772,14.74832],[120.94745,14.74832]]]}},{"type":"Feature","properties":{},"geometry":{"type":"Polygon","coordinates":[[[120.94233,14.74859],[120.94233,14.74805],[120.9426,14.74805],[120.9426,14.74778],[120.94314,14.74778],[120.94314,14.74832],[120.9426,14.74832],[120.9426,14.74859],[120.94233,14.74859]]]}},{"type":"Feature","properties":{},"geometry":{"type":"Polygon","coordinates":[[[120.55618,14.74697],[120.55618,14.7467],[120.55645,14.7467],[120.55645,14.74697],[120.55618,14.74697]]]}},{"type":"Feature","properties":{},"geometry":{"type":"Polygon","coordinates":[[[120.83805,14.75451],[120.83805,14.75424],[120.83751,14.75424],[120.83751,14.75371],[120.83724,14.75371],[120.83724,14.75317],[120.83697,14.75317],[120.83697,14.75236],[120.8367,14.75236],[120.8367,14.75209],[120.83643,14.75209],[120.83643,14.75128],[120.83616,14.75128],[120.83616,14.75074],[120.83589,14.75074],[120.83589,14.74939],[120.83616,14.74939],[120.83616,14.74912],[120.83589,14.74912],[120.83589,14.74885],[120.83616,14.74885],[120.83616,14.74832],[120.83643,14.74832],[120.83643,14.74724],[120.8367,14.74724],[120.8367,14.7467],[120.83724,14.7467],[120.83724,14.74643],[120.83697,14.74643],[120.83697,14.74616],[120.83751,14.74616],[120.83751,14.7467],[120.83832,14.7467],[120.83832,14.74751],[120.83805,14.74751],[120.83805,14.74778],[120.83778,14.74778],[120.83778,14.74859],[120.83751,14.74859],[120.83751,14.74939],[120.83697,14.74939],[120.83697,14.75047],[120.8367,14.75047],[120.8367,14.75101],[120.83697,14.75101],[120.83697,14.75128],[120.83724,14.75128],[120.83724,14.75155],[120.83751,14.75155],[120.83751,14.75263],[120.83778,14.75263],[120.83778,14.7529],[120.83859,14.7529],[120.83859,14.75263],[120.83886,14.75263],[120.83886,14.75236],[120.83967,14.75236],[120.83967,14.75209],[120.83994,14.75209],[120.83994,14.75182],[120.84074,14.75182],[120.84074,14.75155],[120.84101,14.75155],[120.84101,14.75128],[120.84128,14.75128],[120.84128,14.75155],[120.84155,14.75155],[120.84155,14.75209],[120.84182,14.75209],[120.84182,14.75236],[120.84155,14.75236],[120.84155,14.75263],[120.84101,14.75263],[120.84101,14.75317],[120.84047,14.75317],[120.84047,14.75371],[120.83994,14.75371],[120.83994,14.75397],[120.83967,14.75397],[120.83967,14.75424],[120.83886,14.75424],[120.83886,14.75451],[120.83805,14.75451]]]}},{"type":"Feature","properties":{},"geometry":{"type":"Polygon","coordinates":[[[120.54972,14.74454],[120.54972,14.74427],[120.54999,14.74427],[120.54999,14.74454],[120.54972,14.74454]]]}},{"type":"Feature","properties":{},"geometry":{"type":"Polygon","coordinates":[[[120.55403,14.74912],[120.55403,14.74859],[120.55376,14.74859],[120.55376,14.74805],[120.55349,14.74805],[120.55349,14.74751],[120.55322,14.74751],[120.55322,14.74697],[120.55268,14.74697],[120.55268,14.7467],[120.5516,14.7467],[120.5516,14.74616],[120.55133,14.74616],[120.55133,14.74589],[120.55106,14.74589],[120.55106,14.74535],[120.55079,14.74535],[120.55079,14.74454],[120.55053,14.74454],[120.55053,14.744],[120.55079,14.744],[120.55079,14.74427],[120.55106,14.74427],[120.55106,14.74454],[120.55133,14.74454],[120.55133,14.74508],[120.5516,14.74508],[120.5516,14.74562],[120.55187,14.74562],[120.55187,14.74589],[120.55214,14.74589],[120.55214,14.74616],[120.55268,14.74616],[120.55268,14.74643],[120.55295,14.74643],[120.55295,14.7467],[120.55376,14.7467],[120.55376,14.74697],[120.55457,14.74697],[120.55457,14.74724],[120.55511,14.74724],[120.55511,14.74751],[120.55565,14.74751],[120.55565,14.74724],[120.55618,14.74724],[120.55618,14.74751],[120.55645,14.74751],[120.55645,14.74778],[120.55618,14.74778],[120.55618,14.74832],[120.55565,14.74832],[120.55565,14.74859],[120.55511,14.74859],[120.55511,14.74885],[120.55457,14.74885],[120.55457,14.74912],[120.55403,14.74912]]]}},{"type":"Feature","properties":{},"geometry":{"type":"Polygon","coordinates":[[[120.54594,14.74212],[120.54594,14.74158],[120.54675,14.74158],[120.54675,14.74131],[120.54729,14.74131],[120.54729,14.74158],[120.54702,14.74158],[120.54702,14.74185],[120.54675,14.74185],[120.54675,14.74212],[120.54594,14.74212]]]}},{"type":"Feature","properties":{},"geometry":{"type":"Polygon","coordinates":[[[120.90407,14.74158],[120.90407,14.74131],[120.90434,14.74131],[120.90434,14.74158],[120.90407,14.74158]]]}},{"type":"Feature","properties":{},"geometry":{"type":"Polygon","coordinates":[[[120.54837,14.74131],[120.54837,14.74104],[120.54864,14.74104],[120.54864,14.74131],[120.54837,14.74131]]]}},{"type":"Feature","properties":{},"geometry":{"type":"Polygon","coordinates":[[[120.9038,14.74131],[120.9038,14.74104],[120.90407,14.74104],[120.90407,14.74131],[120.9038,14.74131]]]}},{"type":"Feature","properties":{},"geometry":{"type":"Polygon","coordinates":[[[120.90461,14.74104],[120.90461,14.74077],[120.90488,14.74077],[120.90488,14.74104],[120.90461,14.74104]]]}},{"type":"Feature","properties":{},"geometry":{"type":"Polygon","coordinates":[[[120.54352,14.73808],[120.54352,14.73781],[120.54433,14.73781],[120.54433,14.73808],[120.54352,14.73808]]]}},{"type":"Feature","properties":{},"geometry":{"type":"Polygon","coordinates":[[[120.93748,14.73808],[120.93748,14.73781],[120.93856,14.73781],[120.93856,14.73808],[120.93748,14.73808]]]}},{"type":"Feature","properties":{},"geometry":{"type":"Polygon","coordinates":[[[120.93856,14.73781],[120.93856,14.73754],[120.93937,14.73754],[120.93937,14.73781],[120.93856,14.73781]]]}},{"type":"Feature","properties":{},"geometry":{"type":"Polygon","coordinates":[[[120.94018,14.73754],[120.94018,14.73727],[120.94045,14.73727],[120.94045,14.73754],[120.94018,14.73754]]]}},{"type":"Feature","properties":{},"geometry":{"type":"Polygon","coordinates":[[[120.54271,14.73861],[120.54271,14.73808],[120.54244,14.73808],[120.54244,14.73781],[120.54271,14.73781],[120.54271,14.73673],[120.54298,14.73673],[120.54298,14.73808],[120.54352,14.73808],[120.54352,14.73835],[120.54298,14.73835],[120.54298,14.73861],[120.54271,14.73861]]]}},{"type":"Feature","properties":{},"geometry":{"type":"Polygon","coordinates":[[[120.5419,14.73592],[120.5419,14.73484],[120.54217,14.73484],[120.54217,14.73592],[120.5419,14.73592]]]}},{"type":"Feature","properties":{},"geometry":{"type":"Polygon","coordinates":[[[120.93587,14.7335],[120.93587,14.73296],[120.93614,14.73296],[120.93614,14.7335],[120.93587,14.7335]]]}},{"type":"Feature","properties":{},"geometry":{"type":"Polygon","coordinates":[[[120.93614,14.73296],[120.93614,14.73188],[120.93667,14.73188],[120.93667,14.73215],[120.93641,14.73215],[120.93641,14.73296],[120.93614,14.73296]]]}},{"type":"Feature","properties":{},"geometry":{"type":"Polygon","coordinates":[[[120.90676,14.72784],[120.90676,14.72757],[120.9073,14.72757],[120.9073,14.72784],[120.90676,14.72784]]]}},{"type":"Feature","properties":{},"geometry":{"type":"Polygon","coordinates":[[[120.9073,14.72757],[120.9073,14.72703],[120.90757,14.72703],[120.90757,14.72757],[120.9073,14.72757]]]}},{"type":"Feature","properties":{},"geometry":{"type":"Polygon","coordinates":[[[120.54999,14.74427],[120.54999,14.74373],[120.54972,14.74373],[120.54972,14.74293],[120.54945,14.74293],[120.54945,14.74239],[120.54918,14.74239],[120.54918,14.74158],[120.54891,14.74158],[120.54891,14.74104],[120.54864,14.74104],[120.54864,14.73969],[120.54837,14.73969],[120.54837,14.73861],[120.5481,14.73861],[120.5481,14.73781],[120.54783,14.73781],[120.54783,14.73754],[120.54621,14.73754],[120.54621,14.73727],[120.54729,14.73727],[120.54729,14.73565],[120.54702,14.73565],[120.54702,14.73403],[120.54675,14.73403],[120.54675,14.73188],[120.54648,14.73188],[120.54648,14.72649],[120.54675,14.72649],[120.54675,14.72676],[120.54702,14.72676],[120.54702,14.72784],[120.54675,14.72784],[120.54675,14.73107],[120.54702,14.73107],[120.54702,14.73269],[120.54729,14.73269],[120.54729,14.7343],[120.54756,14.7343],[120.54756,14.73511],[120.54783,14.73511],[120.54783,14.73727],[120.5481,14.73727],[120.5481,14.73754],[120.54837,14.73754],[120.54837,14.73808],[120.54864,14.73808],[120.54864,14.73888],[120.54891,14.73888],[120.54891,14.73996],[120.54918,14.73996],[120.54918,14.74104],[120.54945,14.74104],[120.54945,14.74185],[120.54972,14.74185],[120.54972,14.74239],[120.54999,14.74239],[120.54999,14.74293],[120.55026,14.74293],[120.55026,14.74427],[120.54999,14.74427]]]}},{"type":"Feature","properties":{},"geometry":{"type":"Polygon","coordinates":[[[120.87631,14.72541],[120.87631,14.72514],[120.87658,14.72514],[120.87658,14.72541],[120.87631,14.72541]]]}},{"type":"Feature","properties":{},"geometry":{"type":"Polygon","coordinates":[[[120.87577,14.72541],[120.87577,14.72487],[120.87631,14.72487],[120.87631,14.72514],[120.87604,14.72514],[120.87604,14.72541],[120.87577,14.72541]]]}},{"type":"Feature","properties":{},"geometry":{"type":"Polygon","coordinates":[[[120.87766,14.72433],[120.87766,14.72406],[120.87793,14.72406],[120.87793,14.72433],[120.87766,14.72433]]]}},{"type":"Feature","properties":{},"geometry":{"type":"Polygon","coordinates":[[[120.54675,14.72595],[120.54675,14.72568],[120.54648,14.72568],[120.54648,14.72541],[120.54675,14.72541],[120.54675,14.7246],[120.54702,14.7246],[120.54702,14.72326],[120.54783,14.72326],[120.54783,14.72352],[120.54756,14.72352],[120.54756,14.72487],[120.54729,14.72487],[120.54729,14.72541],[120.54702,14.72541],[120.54702,14.72595],[120.54675,14.72595]]]}},{"type":"Feature","properties":{},"geometry":{"type":"Polygon","coordinates":[[[120.87793,14.72352],[120.87793,14.72326],[120.8782,14.72326],[120.8782,14.72299],[120.87847,14.72299],[120.87847,14.72352],[120.87793,14.72352]]]}},{"type":"Feature","properties":{},"geometry":{"type":"Polygon","coordinates":[[[120.86068,14.72272],[120.86068,14.72245],[120.86095,14.72245],[120.86095,14.72272],[120.86068,14.72272]]]}},{"type":"Feature","properties":{},"geometry":{"type":"Polygon","coordinates":[[[120.86203,14.72379],[120.86203,14.72352],[120.86149,14.72352],[120.86149,14.72326],[120.86122,14.72326],[120.86122,14.72299],[120.86095,14.72299],[120.86095,14.72272],[120.86122,14.72272],[120.86122,14.72245],[120.86095,14.72245],[120.86095,14.72218],[120.86149,14.72218],[120.86149,14.72191],[120.86203,14.72191],[120.86203,14.72164],[120.8623,14.72164],[120.8623,14.72137],[120.86311,14.72137],[120.86311,14.72164],[120.86338,14.72164],[120.86338,14.72191],[120.86365,14.72191],[120.86365,14.72218],[120.86311,14.72218],[120.86311,14.72245],[120.86365,14.72245],[120.86365,14.72299],[120.86392,14.72299],[120.86392,14.72326],[120.86338,14.72326],[120.86338,14.72379],[120.86203,14.72379]],[[120.8623,14.72326],[120.86284,14.72326],[120.86284,14.72299],[120.86257,14.72299],[120.86257,14.72272],[120.86284,14.72272],[120.86284,14.72245],[120.86257,14.72245],[120.86257,14.72218],[120.8623,14.72218],[120.8623,14.72326]],[[120.86311,14.72326],[120.86338,14.72326],[120.86338,14.72299],[120.86311,14.72299],[120.86311,14.72326]]]}},{"type":"Feature","properties":{},"geometry":{"type":"Polygon","coordinates":[[[120.88036,14.7184],[120.88036,14.71814],[120.88063,14.71814],[120.88063,14.7184],[120.88036,14.7184]]]}},{"type":"Feature","properties":{},"geometry":{"type":"Polygon","coordinates":[[[120.54864,14.71598],[120.54864,14.71571],[120.54891,14.71571],[120.54891,14.71598],[120.54864,14.71598]]]}},{"type":"Feature","properties":{},"geometry":{"type":"Polygon","coordinates":[[[120.54729,14.71598],[120.54729,14.71571],[120.54756,14.71571],[120.54756,14.71382],[120.54891,14.71382],[120.54891,14.71544],[120.5481,14.71544],[120.5481,14.71598],[120.54729,14.71598]]]}},{"type":"Feature","properties":{},"geometry":{"type":"Polygon","coordinates":[[[120.92185,14.70843],[120.92185,14.70816],[120.92132,14.70816],[120.92132,14.7079],[120.92185,14.7079],[120.92185,14.70763],[120.92212,14.70763],[120.92212,14.70655],[120.92266,14.70655],[120.92266,14.70682],[120.9232,14.70682],[120.9232,14.70709],[120.92293,14.70709],[120.92293,14.70736],[120.92266,14.70736],[120.92266,14.70763],[120.92239,14.70763],[120.92239,14.7079],[120.92266,14.7079],[120.92266,14.70816],[120.92239,14.70816],[120.92239,14.70843],[120.92185,14.70843]]]}},{"type":"Feature","properties":{},"geometry":{"type":"Polygon","coordinates":[[[120.90137,14.71436],[120.90137,14.71328],[120.90191,14.71328],[120.90191,14.71248],[120.90218,14.71248],[120.90218,14.71221],[120.90084,14.71221],[120.90084,14.71167],[120.9011,14.71167],[120.9011,14.71113],[120.90137,14.71113],[120.90137,14.71086],[120.90164,14.71086],[120.90164,14.71032],[120.90137,14.71032],[120.90137,14.70816],[120.90164,14.70816],[120.90164,14.7079],[120.90191,14.7079],[120.90191,14.70763],[120.90245,14.70763],[120.90245,14.70736],[120.90272,14.70736],[120.90272,14.70628],[120.90407,14.70628],[120.90407,14.70736],[120.9038,14.70736],[120.9038,14.70763],[120.90353,14.70763],[120.90353,14.7079],[120.90326,14.7079],[120.90326,14.70816],[120.90299,14.70816],[120.90299,14.70843],[120.90272,14.70843],[120.90272,14.70897],[120.90245,14.70897],[120.90245,14.70924],[120.90326,14.70924],[120.90326,14.70897],[120.9038,14.70897],[120.9038,14.70816],[120.90407,14.70816],[120.90407,14.70843],[120.90434,14.70843],[120.90434,14.7087],[120.90461,14.7087],[120.90461,14.70897],[120.90434,14.70897],[120.90434,14.70924],[120.90407,14.70924],[120.90407,14.70978],[120.9038,14.70978],[120.9038,14.7114],[120.90353,14.7114],[120.90353,14.71167],[120.90299,14.71167],[120.90299,14.71221],[120.90272,14.71221],[120.90272,14.71248],[120.90245,14.71248],[120.90245,14.71328],[120.90218,14.71328],[120.90218,14.71409],[120.90191,14.71409],[120.90191,14.71436],[120.90137,14.71436]]]}},{"type":"Feature","properties":{},"geometry":{"type":"Polygon","coordinates":[[[120.54837,14.70547],[120.54837,14.7052],[120.54891,14.7052],[120.54891,14.70547],[120.54837,14.70547]]]}},{"type":"Feature","properties":{},"geometry":{"type":"Polygon","coordinates":[[[120.54891,14.7052],[120.54891,14.70493],[120.54918,14.70493],[120.54918,14.7052],[120.54891,14.7052]]]}},{"type":"Feature","properties":{},"geometry":{"type":"Polygon","coordinates":[[[120.54945,14.70466],[120.54945,14.70412],[120.54972,14.70412],[120.54972,14.70466],[120.54945,14.70466]]]}},{"type":"Feature","properties":{},"geometry":{"type":"Polygon","coordinates":[[[120.54864,14.70358],[120.54864,14.70331],[120.54891,14.70331],[120.54891,14.70358],[120.54864,14.70358]]]}},{"type":"Feature","properties":{},"geometry":{"type":"Polygon","coordinates":[[[120.5481,14.70331],[120.5481,14.70305],[120.54837,14.70305],[120.54837,14.70331],[120.5481,14.70331]]]}},{"type":"Feature","properties":{},"geometry":{"type":"Polygon","coordinates":[[[120.54783,14.70305],[120.54783,14.70278],[120.5481,14.70278],[120.5481,14.70305],[120.54783,14.70305]]]}},{"type":"Feature","properties":{},"geometry":{"type":"Polygon","coordinates":[[[120.54756,14.70278],[120.54756,14.70251],[120.54783,14.70251],[120.54783,14.70278],[120.54756,14.70278]]]}},{"type":"Feature","properties":{},"geometry":{"type":"Polygon","coordinates":[[[120.55026,14.71059],[120.55026,14.71032],[120.54999,14.71032],[120.54999,14.71005],[120.55026,14.71005],[120.55026,14.70978],[120.55053,14.70978],[120.55053,14.70897],[120.55079,14.70897],[120.55079,14.7087],[120.55106,14.7087],[120.55106,14.7079],[120.55133,14.7079],[120.55133,14.70628],[120.5516,14.70628],[120.5516,14.70574],[120.55187,14.70574],[120.55187,14.7052],[120.55214,14.7052],[120.55214,14.70466],[120.55241,14.70466],[120.55241,14.70412],[120.55268,14.70412],[120.55268,14.70358],[120.55295,14.70358],[120.55295,14.70331],[120.55322,14.70331],[120.55322,14.70251],[120.55349,14.70251],[120.55349,14.70224],[120.55376,14.70224],[120.55376,14.7017],[120.55403,14.7017],[120.55403,14.70143],[120.5543,14.70143],[120.5543,14.7017],[120.55457,14.7017],[120.55457,14.70224],[120.55484,14.70224],[120.55484,14.70251],[120.55511,14.70251],[120.55511,14.70278],[120.55538,14.70278],[120.55538,14.70305],[120.55565,14.70305],[120.55565,14.70358],[120.55538,14.70358],[120.55538,14.70385],[120.55484,14.70385],[120.55484,14.70493],[120.55457,14.70493],[120.55457,14.7052],[120.55376,14.7052],[120.55376,14.70493],[120.55322,14.70493],[120.55322,14.7052],[120.55295,14.7052],[120.55295,14.70547],[120.55322,14.70547],[120.55322,14.70655],[120.55295,14.70655],[120.55295,14.70709],[120.55268,14.70709],[120.55268,14.70736],[120.55241,14.70736],[120.55241,14.70763],[120.55214,14.70763],[120.55214,14.7079],[120.55187,14.7079],[120.55187,14.70843],[120.5516,14.70843],[120.5516,14.7087],[120.55133,14.7087],[120.55133,14.70924],[120.55106,14.70924],[120.55106,14.70951],[120.55079,14.70951],[120.55079,14.71032],[120.55053,14.71032],[120.55053,14.71059],[120.55026,14.71059]]]}},{"type":"Feature","properties":{},"geometry":{"type":"Polygon","coordinates":[[[120.90703,14.70035],[120.90703,14.69981],[120.90757,14.69981],[120.90757,14.70008],[120.9073,14.70008],[120.9073,14.70035],[120.90703,14.70035]]]}},{"type":"Feature","properties":{},"geometry":{"type":"Polygon","coordinates":[[[120.55726,14.70385],[120.55726,14.70358],[120.55699,14.70358],[120.55699,14.70331],[120.55672,14.70331],[120.55672,14.70305],[120.55618,14.70305],[120.55618,14.70278],[120.55591,14.70278],[120.55591,14.70251],[120.55565,14.70251],[120.55565,14.70224],[120.55538,14.70224],[120.55538,14.70197],[120.55591,14.70197],[120.55591,14.7017],[120.55618,14.7017],[120.55618,14.70143],[120.55672,14.70143],[120.55672,14.70116],[120.55699,14.70116],[120.55699,14.70089],[120.55753,14.70089],[120.55753,14.70062],[120.55807,14.70062],[120.55807,14.70035],[120.55861,14.70035],[120.55861,14.70008],[120.55888,14.70008],[120.55888,14.69927],[120.55915,14.69927],[120.55915,14.69954],[120.55942,14.69954],[120.55942,14.69981],[120.55969,14.69981],[120.55969,14.70089],[120.5605,14.70089],[120.5605,14.70116],[120.56184,14.70116],[120.56184,14.7017],[120.56103,14.7017],[120.56103,14.70143],[120.5605,14.70143],[120.5605,14.7017],[120.55996,14.7017],[120.55996,14.70197],[120.55969,14.70197],[120.55969,14.70224],[120.55915,14.70224],[120.55915,14.70251],[120.55888,14.70251],[120.55888,14.70278],[120.55834,14.70278],[120.55834,14.70305],[120.5578,14.70305],[120.5578,14.70331],[120.55753,14.70331],[120.55753,14.70358],[120.5578,14.70358],[120.5578,14.70385],[120.55726,14.70385]]]}},{"type":"Feature","properties":{},"geometry":{"type":"Polygon","coordinates":[[[120.90407,14.70574],[120.90407,14.7052],[120.9038,14.7052],[120.9038,14.70493],[120.90353,14.70493],[120.90353,14.70466],[120.9038,14.70466],[120.9038,14.70439],[120.90407,14.70439],[120.90407,14.70412],[120.90434,14.70412],[120.90434,14.70331],[120.90461,14.70331],[120.90461,14.70278],[120.90488,14.70278],[120.90488,14.70251],[120.90515,14.70251],[120.90515,14.70224],[120.90542,14.70224],[120.90542,14.70197],[120.90569,14.70197],[120.90569,14.7017],[120.90542,14.7017],[120.90542,14.70143],[120.90569,14.70143],[120.90569,14.70116],[120.90596,14.70116],[120.90596,14.70089],[120.90649,14.70089],[120.90649,14.70062],[120.90676,14.70062],[120.90676,14.70035],[120.90703,14.70035],[120.90703,14.70062],[120.90757,14.70062],[120.90757,14.70008],[120.90811,14.70008],[120.90811,14.69981],[120.90838,14.69981],[120.90838,14.69954],[120.90811,14.69954],[120.90811,14.699],[120.90865,14.699],[120.90865,14.69873],[120.90892,14.69873],[120.90892,14.699],[120.90919,14.699],[120.90919,14.69927],[120.90946,14.69927],[120.90946,14.69873],[120.90973,14.69873],[120.90973,14.69819],[120.91027,14.69819],[120.91027,14.69766],[120.91108,14.69766],[120.91108,14.69793],[120.91081,14.69793],[120.91081,14.69819],[120.91054,14.69819],[120.91054,14.69873],[120.91,14.69873],[120.91,14.699],[120.90973,14.699],[120.90973,14.69954],[120.90892,14.69954],[120.90892,14.70008],[120.90865,14.70008],[120.90865,14.70062],[120.90838,14.70062],[120.90838,14.70089],[120.90811,14.70089],[120.90811,14.70116],[120.90784,14.70116],[120.90784,14.70143],[120.9073,14.70143],[120.9073,14.70197],[120.90757,14.70197],[120.90757,14.70224],[120.9073,14.70224],[120.9073,14.70251],[120.90703,14.70251],[120.90703,14.70278],[120.90676,14.70278],[120.90676,14.70305],[120.90649,14.70305],[120.90649,14.70358],[120.90569,14.70358],[120.90569,14.70439],[120.90542,14.70439],[120.90542,14.70466],[120.90515,14.70466],[120.90515,14.7052],[120.90488,14.7052],[120.90488,14.70547],[120.90461,14.70547],[120.90461,14.70574],[120.90407,14.70574]],[[120.90461,14.70412],[120.90488,14.70412],[120.90488,14.70385],[120.90515,14.70385],[120.90515,14.70358],[120.90461,14.70358],[120.90461,14.70412]],[[120.90649,14.70116],[120.90676,14.70116],[120.90676,14.70089],[120.90649,14.70089],[120.90649,14.70116]],[[120.90865,14.69954],[120.90892,14.69954],[120.90892,14.69927],[120.90865,14.69927],[120.90865,14.69954]]]}},{"type":"Feature","properties":{},"geometry":{"type":"Polygon","coordinates":[[[120.91054,14.69712],[120.91054,14.69685],[120.91081,14.69685],[120.91081,14.69712],[120.91054,14.69712]]]}},{"type":"Feature","properties":{},"geometry":{"type":"Polygon","coordinates":[[[120.91108,14.69658],[120.91108,14.69631],[120.91134,14.69631],[120.91134,14.69658],[120.91108,14.69658]]]}},{"type":"Feature","properties":{},"geometry":{"type":"Polygon","coordinates":[[[120.56211,14.70035],[120.56211,14.70008],[120.56184,14.70008],[120.56184,14.69981],[120.56157,14.69981],[120.56157,14.69927],[120.5613,14.69927],[120.5613,14.699],[120.56103,14.699],[120.56103,14.69712],[120.5613,14.69712],[120.5613,14.69658],[120.56103,14.69658],[120.56103,14.69631],[120.5613,14.69631],[120.5613,14.69577],[120.56184,14.69577],[120.56184,14.69604],[120.56211,14.69604],[120.56211,14.69631],[120.56292,14.69631],[120.56292,14.69604],[120.56319,14.69604],[120.56319,14.69577],[120.56346,14.69577],[120.56346,14.6955],[120.56373,14.6955],[120.56373,14.69523],[120.564,14.69523],[120.564,14.69496],[120.56427,14.69496],[120.56427,14.69469],[120.56454,14.69469],[120.56454,14.69442],[120.56481,14.69442],[120.56481,14.69415],[120.56535,14.69415],[120.56535,14.69442],[120.56562,14.69442],[120.56562,14.69523],[120.56535,14.69523],[120.56535,14.69577],[120.56562,14.69577],[120.56562,14.69604],[120.56481,14.69604],[120.56481,14.69631],[120.56454,14.69631],[120.56454,14.69658],[120.56427,14.69658],[120.56427,14.69631],[120.564,14.69631],[120.564,14.69658],[120.56346,14.69658],[120.56346,14.69712],[120.56319,14.69712],[120.56319,14.69739],[120.56292,14.69739],[120.56292,14.69819],[120.56319,14.69819],[120.56319,14.69793],[120.56346,14.69793],[120.56346,14.69927],[120.56319,14.69927],[120.56319,14.69981],[120.56292,14.69981],[120.56292,14.70035],[120.56211,14.70035]]]}},{"type":"Feature","properties":{},"geometry":{"type":"Polygon","coordinates":[[[120.91862,14.69254],[120.91862,14.69227],[120.91889,14.69227],[120.91889,14.69254],[120.91862,14.69254]]]}},{"type":"Feature","properties":{},"geometry":{"type":"Polygon","coordinates":[[[120.56508,14.69065],[120.56508,14.69038],[120.56535,14.69038],[120.56535,14.69065],[120.56508,14.69065]]]}},{"type":"Feature","properties":{},"geometry":{"type":"Polygon","coordinates":[[[120.91323,14.69658],[120.91323,14.69631],[120.91296,14.69631],[120.91296,14.69604],[120.91269,14.69604],[120.91269,14.6955],[120.91296,14.6955],[120.91296,14.69523],[120.9135,14.69523],[120.9135,14.69496],[120.91377,14.69496],[120.91377,14.69442],[120.91431,14.69442],[120.91431,14.69415],[120.91458,14.69415],[120.91458,14.69388],[120.91485,14.69388],[120.91485,14.69361],[120.91512,14.69361],[120.91512,14.69334],[120.91539,14.69334],[120.91539,14.69307],[120.91566,14.69307],[120.91566,14.69281],[120.91593,14.69281],[120.91593,14.69254],[120.91646,14.69254],[120.91646,14.69227],[120.917,14.69227],[120.917,14.692],[120.91727,14.692],[120.91727,14.69173],[120.91754,14.69173],[120.91754,14.69146],[120.91781,14.69146],[120.91781,14.69119],[120.91808,14.69119],[120.91808,14.69065],[120.91862,14.69065],[120.91862,14.69038],[120.91889,14.69038],[120.91889,14.69011],[120.91943,14.69011],[120.91943,14.68984],[120.91997,14.68984],[120.91997,14.68957],[120.92024,14.68957],[120.92024,14.68984],[120.92051,14.68984],[120.92051,14.69011],[120.92024,14.69011],[120.92024,14.69038],[120.91997,14.69038],[120.91997,14.69065],[120.91943,14.69065],[120.91943,14.69119],[120.91916,14.69119],[120.91916,14.69146],[120.91862,14.69146],[120.91862,14.69227],[120.91781,14.69227],[120.91781,14.69254],[120.91754,14.69254],[120.91754,14.69281],[120.91727,14.69281],[120.91727,14.69307],[120.917,14.69307],[120.917,14.69334],[120.91673,14.69334],[120.91673,14.69361],[120.91646,14.69361],[120.91646,14.69388],[120.9162,14.69388],[120.9162,14.69415],[120.91539,14.69415],[120.91539,14.69469],[120.91512,14.69469],[120.91512,14.69496],[120.91458,14.69496],[120.91458,14.6955],[120.91431,14.6955],[120.91431,14.69604],[120.91377,14.69604],[120.91377,14.69658],[120.91323,14.69658]]]}},{"type":"Feature","properties":{},"geometry":{"type":"Polygon","coordinates":[[[120.92051,14.68984],[120.92051,14.68903],[120.92078,14.68903],[120.92078,14.68876],[120.92132,14.68876],[120.92132,14.68849],[120.92185,14.68849],[120.92185,14.68903],[120.92132,14.68903],[120.92132,14.6893],[120.92105,14.6893],[120.92105,14.68957],[120.92078,14.68957],[120.92078,14.68984],[120.92051,14.68984]]]}},{"type":"Feature","properties":{},"geometry":{"type":"Polygon","coordinates":[[[120.92185,14.68849],[120.92185,14.68822],[120.92212,14.68822],[120.92212,14.68849],[120.92185,14.68849]]]}},{"type":"Feature","properties":{},"geometry":{"type":"Polygon","coordinates":[[[120.92293,14.68715],[120.92293,14.68688],[120.9232,14.68688],[120.9232,14.68661],[120.92347,14.68661],[120.92347,14.68715],[120.92293,14.68715]]]}},{"type":"Feature","properties":{},"geometry":{"type":"Polygon","coordinates":[[[120.92347,14.68661],[120.92347,14.68634],[120.92374,14.68634],[120.92374,14.68607],[120.92401,14.68607],[120.92401,14.6858],[120.92428,14.6858],[120.92428,14.68634],[120.92401,14.68634],[120.92401,14.68661],[120.92347,14.68661]]]}},{"type":"Feature","properties":{},"geometry":{"type":"Polygon","coordinates":[[[120.92428,14.6858],[120.92428,14.68526],[120.92482,14.68526],[120.92482,14.6858],[120.92428,14.6858]]]}},{"type":"Feature","properties":{},"geometry":{"type":"Polygon","coordinates":[[[120.56535,14.69038],[120.56535,14.69011],[120.56508,14.69011],[120.56508,14.68957],[120.56481,14.68957],[120.56481,14.68903],[120.56454,14.68903],[120.56454,14.68715],[120.56481,14.68715],[120.56481,14.68553],[120.56508,14.68553],[120.56508,14.68499],[120.56562,14.68499],[120.56562,14.68526],[120.56589,14.68526],[120.56589,14.68769],[120.56615,14.68769],[120.56615,14.68903],[120.56642,14.68903],[120.56642,14.68984],[120.56615,14.68984],[120.56615,14.69011],[120.56562,14.69011],[120.56562,14.69038],[120.56535,14.69038]]]}},{"type":"Feature","properties":{},"geometry":{"type":"Polygon","coordinates":[[[120.56615,14.68041],[120.56615,14.67987],[120.56669,14.67987],[120.56669,14.68041],[120.56615,14.68041]]]}},{"type":"Feature","properties":{},"geometry":{"type":"Polygon","coordinates":[[[120.56427,14.67933],[120.56427,14.67906],[120.56481,14.67906],[120.56481,14.67933],[120.56427,14.67933]]]}},{"type":"Feature","properties":{},"geometry":{"type":"Polygon","coordinates":[[[120.56642,14.67933],[120.56642,14.67852],[120.56669,14.67852],[120.56669,14.67798],[120.56696,14.67798],[120.56696,14.67879],[120.56669,14.67879],[120.56669,14.67933],[120.56642,14.67933]]]}},{"type":"Feature","properties":{},"geometry":{"type":"Polygon","coordinates":[[[120.55942,14.67825],[120.55942,14.67798],[120.55969,14.67798],[120.55969,14.67825],[120.55942,14.67825]]]}},{"type":"Feature","properties":{},"geometry":{"type":"Polygon","coordinates":[[[120.55888,14.67771],[120.55888,14.67745],[120.55915,14.67745],[120.55915,14.67771],[120.55888,14.67771]]]}},{"type":"Feature","properties":{},"geometry":{"type":"Polygon","coordinates":[[[120.55834,14.67745],[120.55834,14.67691],[120.55861,14.67691],[120.55861,14.67745],[120.55834,14.67745]]]}},{"type":"Feature","properties":{},"geometry":{"type":"Polygon","coordinates":[[[120.56696,14.67798],[120.56696,14.67718],[120.56723,14.67718],[120.56723,14.67637],[120.5675,14.67637],[120.5675,14.67771],[120.56723,14.67771],[120.56723,14.67798],[120.56696,14.67798]]]}},{"type":"Feature","properties":{},"geometry":{"type":"Polygon","coordinates":[[[120.56023,14.67745],[120.56023,14.67718],[120.55996,14.67718],[120.55996,14.67664],[120.55942,14.67664],[120.55942,14.67637],[120.55915,14.67637],[120.55915,14.6761],[120.55888,14.6761],[120.55888,14.67556],[120.5605,14.67556],[120.5605,14.67583],[120.56157,14.67583],[120.56157,14.6761],[120.56265,14.6761],[120.56265,14.67637],[120.56184,14.67637],[120.56184,14.67664],[120.56157,14.67664],[120.56157,14.67691],[120.56103,14.67691],[120.56103,14.67718],[120.56077,14.67718],[120.56077,14.67745],[120.56023,14.67745]]]}},{"type":"Feature","properties":{},"geometry":{"type":"Polygon","coordinates":[[[120.56777,14.67502],[120.56777,14.67475],[120.56804,14.67475],[120.56804,14.67502],[120.56777,14.67502]]]}},{"type":"Feature","properties":{},"geometry":{"type":"Polygon","coordinates":[[[120.56804,14.67394],[120.56804,14.67367],[120.56831,14.67367],[120.56831,14.67394],[120.56804,14.67394]]]}},{"type":"Feature","properties":{},"geometry":{"type":"Polygon","coordinates":[[[120.56831,14.67367],[120.56831,14.6734],[120.56858,14.6734],[120.56858,14.67367],[120.56831,14.67367]]]}},{"type":"Feature","properties":{},"geometry":{"type":"Polygon","coordinates":[[[120.56858,14.67313],[120.56858,14.67259],[120.56885,14.67259],[120.56885,14.67313],[120.56858,14.67313]]]}},{"type":"Feature","properties":{},"geometry":{"type":"Polygon","coordinates":[[[120.56966,14.67044],[120.56966,14.67017],[120.56993,14.67017],[120.56993,14.66963],[120.57047,14.66963],[120.57047,14.67044],[120.56966,14.67044]]]}},{"type":"Feature","properties":{},"geometry":{"type":"Polygon","coordinates":[[[120.58044,14.65212],[120.58044,14.65185],[120.58071,14.65185],[120.58071,14.65212],[120.58044,14.65212]]]}}]}